File,Foraging (Y/N),Seal_Presence,Date,File_Timestamp,Time_In_1,Time_Out_1,Time_In_2,Time_Out_2,Time_In_3,Time_Out_3,Time_In_4,Time_Out_4,Time_In_5,Time_Out_5,Time_In_6,Time_Out_6,Cumulative_Time_m,Cumulative_Time_s,TAST_Status,Notes
May_23_2025_131113_1351,,N,5/31/25, 11:53:36 PM,,,,,,,,,,,,,0,0,ON,
May_23_2025_131113_1352,,N,5/31/25, 12:02:02 AM,,,,,,,,,,,,,0,0,ON,
May_23_2025_131113_1353,,N,5/31/25, 12:10:04 AM,,,,,,,,,,,,,0,0,ON,
May_23_2025_131113_1354,,N,5/31/25, 12:17:48 AM,,,,,,,,,,,,,0,0,ON,
May_23_2025_131113_1355,,N,5/31/25, 12:25:24 AM,,,,,,,,,,,,,0,0,ON,
May_23_2025_131113_1356,,N,5/31/25, 12:33:06 AM,,,,,,,,,,,,,0,0,ON,
May_23_2025_131113_1357,,N,5/31/25, 12:40:58 AM,,,,,,,,,,,,,0,0,ON,
May_23_2025_131113_1358,,N,5/31/25, 12:49:02 AM,,,,,,,,,,,,,0,0,ON,
May_23_2025_131113_1359,,N,5/31/25, 12:57:08 AM,,,,,,,,,,,,,0,0,ON,
May_23_2025_131113_1360,,N,5/31/25, 1:05:08 AM,,,,,,,,,,,,,0,0,ON,
May_23_2025_131113_1361,,N,5/31/25, 1:13:08 AM,,,,,,,,,,,,,0,0,ON,
May_23_2025_131113_1362,,N,5/31/25, 1:21:10 AM,,,,,,,,,,,,,0,0,ON,
May_23_2025_131113_1363,,N,5/31/25, 1:29:08 AM,,,,,,,,,,,,,0,0,ON,
May_23_2025_131113_1364,,N,5/31/25, 1:37:04 AM,,,,,,,,,,,,,0,0,ON,
May_23_2025_131113_1365,,N,5/31/25, 1:45:04 AM,,,,,,,,,,,,,0,0,ON,
May_23_2025_131113_1366,,N,5/31/25, 1:53:04 AM,,,,,,,,,,,,,0,0,ON,
May_23_2025_131113_1367,,N,5/31/25, 2:01:04 AM,,,,,,,,,,,,,0,0,ON,
May_23_2025_131113_1368,,N,5/31/25, 2:09:08 AM,,,,,,,,,,,,,0,0,ON,
May_23_2025_131113_1369,,N,5/31/25, 2:17:20 AM,,,,,,,,,,,,,0,0,ON,
May_23_2025_131113_1370,,N,5/31/25, 2:25:38 AM,,,,,,,,,,,,,0,0,ON,
May_23_2025_131113_1371,,N,5/31/25, 2:33:56 AM,,,,,,,,,,,,,0,0,ON,
May_23_2025_131113_1372,,N,5/31/25, 2:42:22 AM,,,,,,,,,,,,,0,0,ON,
May_23_2025_131113_1373,,N,5/31/25, 2:50:56 AM,,,,,,,,,,,,,0,0,ON,
May_23_2025_131113_1374,,N,5/31/25, 2:59:30 AM,,,,,,,,,,,,,0,0,ON,
May_23_2025_131113_1375,,N,5/31/25, 3:08:08 AM,,,,,,,,,,,,,0,0,ON,
May_23_2025_131113_1376,,N,5/31/25, 3:16:50 AM,,,,,,,,,,,,,0,0,ON,
May_23_2025_131113_1377,,N,5/31/25, 3:25:30 AM,,,,,,,,,,,,,0,0,ON,
May_23_2025_131113_1378,,N,5/31/25, 3:33:58 AM,,,,,,,,,,,,,0,0,ON,
May_23_2025_131113_1379,,N,5/31/25, 3:42:18 AM,,,,,,,,,,,,,0,0,ON,
May_23_2025_131113_1380,,N,5/31/25, 3:50:44 AM,,,,,,,,,,,,,0,0,ON,
May_23_2025_131113_1381,,N,5/31/25, 3:59:12 AM,,,,,,,,,,,,,0,0,ON,
May_23_2025_131113_1382,,N,5/31/25, 4:07:48 AM,,,,,,,,,,,,,0,0,ON,
May_23_2025_131113_1383,,N,5/31/25, 4:16:28 AM,,,,,,,,,,,,,0,0,ON,
May_23_2025_131113_1384,,N,5/31/25, 4:24:54 AM,,,,,,,,,,,,,0,0,ON,
May_23_2025_131113_1385,N,Y,5/31/25, 4:33:20 AM,29:48.3,29:56.1,,,,,,,,,,,00:07.8,7.8,ON,Very quick swim through at just about max range
May_23_2025_131113_1386,,N,5/31/25, 4:41:38 AM,,,,,,,,,,,,,0,0,ON,
May_23_2025_131113_1387,,N,5/31/25, 4:49:52 AM,,,,,,,,,,,,,0,0,ON,
May_23_2025_131113_1388,,N,5/31/25, 4:58:10 AM,,,,,,,,,,,,,0,0,ON,
May_23_2025_131113_1389,,N,5/31/25, 5:06:26 AM,,,,,,,,,,,,,0,0,ON,
May_23_2025_131113_1390,,N,5/31/25, 5:14:40 AM,,,,,,,,,,,,,0,0,ON,Bird in file
May_23_2025_131113_1391,,N,5/31/25, 5:23:00 AM,,,,,,,,,,,,,0,0,ON,Bird in file
May_23_2025_131113_1392,,N,5/31/25, 5:31:10 AM,,,,,,,,,,,,,0,0,ON,
May_23_2025_131113_1393,,N,5/31/25, 5:39:12 AM,,,,,,,,,,,,,0,0,ON,
May_23_2025_131113_1394,,N,5/31/25, 5:47:26 AM,,,,,,,,,,,,,0,0,ON,
May_23_2025_131113_1395,,N,5/31/25, 5:55:38 AM,,,,,,,,,,,,,0,0,ON,
May_23_2025_131113_1396,,N,5/31/25, 6:03:54 AM,,,,,,,,,,,,,0,0,ON,
May_23_2025_131113_1397,,N,5/31/25, 6:12:10 AM,,,,,,,,,,,,,0,0,ON,
May_23_2025_131113_1398,,N,5/31/25, 6:20:24 AM,,,,,,,,,,,,,0,0,ON,
May_23_2025_131113_1399,,N,5/31/25, 6:28:42 AM,,,,,,,,,,,,,0,0,ON,
May_23_2025_131113_1400,,N,5/31/25, 6:37:02 AM,,,,,,,,,,,,,0,0,ON,
May_23_2025_131113_1401,,N,5/31/25, 6:45:24 AM,,,,,,,,,,,,,0,0,ON,
May_23_2025_131113_1402,,N,5/31/25, 6:53:44 AM,,,,,,,,,,,,,0,0,ON,
May_23_2025_131113_1403,,N,5/31/25, 7:02:12 AM,,,,,,,,,,,,,0,0,ON,
May_23_2025_131113_1404,,N,5/31/25, 7:10:54 AM,,,,,,,,,,,,,0,0,ON,
May_23_2025_131113_1405,,N,5/31/25, 7:19:24 AM,,,,,,,,,,,,,0,0,ON,
May_23_2025_131113_1406,,N,5/31/25, 7:27:48 AM,,,,,,,,,,,,,0,0,ON,
May_23_2025_131113_1407,,N,5/31/25, 7:36:44 AM,,,,,,,,,,,,,0,0,ON,
May_23_2025_131113_1408,,N,5/31/25, 7:45:26 AM,,,,,,,,,,,,,0,0,ON,
May_23_2025_131113_1409,,N,5/31/25, 7:54:00 AM,,,,,,,,,,,,,0,0,ON,
May_23_2025_131113_1410,,N,5/31/25, 8:02:30 AM,,,,,,,,,,,,,0,0,ON,
May_23_2025_131113_1411,,N,5/31/25, 8:10:58 AM,,,,,,,,,,,,,0,0,ON,
May_23_2025_131113_1412,,N,5/31/25, 8:19:18 AM,,,,,,,,,,,,,0,0,ON,
May_23_2025_131113_1413,,N,5/31/25, 8:27:50 AM,,,,,,,,,,,,,0,0,ON,Some larger fish predator but not seals small schools of fish react
May_23_2025_131113_1414,,N,5/31/25, 8:36:18 AM,,,,,,,,,,,,,0,0,ON,
May_23_2025_131113_1415,,N,5/31/25, 8:44:38 AM,,,,,,,,,,,,,0,0,ON,
May_23_2025_131113_1416,,N,5/31/25, 8:52:52 AM,,,,,,,,,,,,,0,0,ON,
May_23_2025_131113_1417,,N,5/31/25, 9:01:06 AM,,,,,,,,,,,,,0,0,ON,
May_23_2025_131113_1418,,N,5/31/25, 9:09:22 AM,,,,,,,,,,,,,0,0,ON,
May_23_2025_131113_1419,,N,5/31/25, 9:17:08 AM,,,,,,,,,,,,,0,0,ON,
May_23_2025_131113_1420,,N,5/31/25, 9:25:18 AM,,,,,,,,,,,,,0,0,ON,
May_23_2025_131113_1421,,N,5/31/25, 9:33:38 AM,,,,,,,,,,,,,0,0,ON,
May_23_2025_131113_1422,,N,5/31/25, 9:41:40 AM,,,,,,,,,,,,,0,0,ON,
May_23_2025_131113_1423,,N,5/31/25, 9:49:34 AM,,,,,,,,,,,,,0,0,ON,
May_23_2025_131113_1424,,N,5/31/25, 9:57:22 AM,,,,,,,,,,,,,0,0,ON,
May_23_2025_131113_1425,,N,5/31/25, 10:05:00 AM,,,,,,,,,,,,,0,0,ON,
May_23_2025_131113_1426,,N,5/31/25, 10:12:44 AM,,,,,,,,,,,,,0,0,ON,
May_23_2025_131113_1427,,N,5/31/25, 10:20:32 AM,,,,,,,,,,,,,0,0,ON,
May_23_2025_131113_1428,,N,5/31/25, 10:28:20 AM,,,,,,,,,,,,,0,0,ON,
May_23_2025_131113_1429,,N,5/31/25, 10:36:06 AM,,,,,,,,,,,,,0,0,ON,Strange flashing along the sides
May_23_2025_131113_1430,,N,5/31/25, 10:43:52 AM,,,,,,,,,,,,,0,0,ON,
May_23_2025_131113_1431,,N,5/31/25, 10:51:38 AM,,,,,,,,,,,,,0,0,ON,
May_23_2025_131113_1432,,N,5/31/25, 10:59:32 AM,,,,,,,,,,,,,0,0,ON,
May_23_2025_131113_1433,,N,5/31/25, 11:07:28 AM,,,,,,,,,,,,,0,0,ON,
May_23_2025_131113_1434,,N,5/31/25, 11:15:26 AM,,,,,,,,,,,,,0,0,ON,
May_23_2025_131113_1435,,N,5/31/25, 11:23:24 AM,,,,,,,,,,,,,0,0,ON,
May_23_2025_131113_1436,,N,5/31/25, 11:31:24 AM,,,,,,,,,,,,,0,0,ON,
May_23_2025_131113_1437,,N,5/31/25, 11:39:20 AM,,,,,,,,,,,,,0,0,ON,
May_23_2025_131113_1438,,N,5/31/25, 11:47:14 AM,,,,,,,,,,,,,0,0,ON,
May_23_2025_131113_1439,,N,5/31/25, 11:55:02 AM,,,,,,,,,,,,,0,0,ON,
May_23_2025_131113_1440,,N,5/31/25, 12:02:48 PM,,,,,,,,,,,,,0,0,ON,
May_23_2025_131113_1441,,N,5/31/25, 12:10:26 PM,,,,,,,,,,,,,0,0,ON,
May_23_2025_131113_1442,,N,5/31/25, 12:17:32 PM,,,,,,,,,,,,,0,0,ON,
May_23_2025_131113_1443,,N,5/31/25, 12:25:12 PM,,,,,,,,,,,,,0,0,ON,
May_23_2025_131113_1444,,N,5/31/25, 12:33:06 PM,,,,,,,,,,,,,0,0,ON,
May_23_2025_131113_1445,,N,5/31/25, 12:40:56 PM,,,,,,,,,,,,,0,0,ON,
May_23_2025_131113_1446,,N,5/31/25, 12:48:26 PM,,,,,,,,,,,,,0,0,ON,
May_23_2025_131113_1447,,N,5/31/25, 12:55:54 PM,,,,,,,,,,,,,0,0,ON,
May_23_2025_131113_1448,,N,5/31/25, 1:03:42 PM,,,,,,,,,,,,,0,0,ON,
May_23_2025_131113_1449,,N,5/31/25, 1:11:42 PM,,,,,,,,,,,,,0,0,ON,
May_23_2025_131113_1450,,N,5/31/25, 1:19:12 PM,,,,,,,,,,,,,0,0,ON,
May_23_2025_131113_1451,,N,5/31/25, 1:26:38 PM,,,,,,,,,,,,,0,0,ON,
May_23_2025_131113_1452,,N,5/31/25, 1:34:20 PM,,,,,,,,,,,,,0,0,ON,
May_23_2025_131113_1453,,N,5/31/25, 1:42:00 PM,,,,,,,,,,,,,0,0,ON,
May_23_2025_131113_1454,,N,5/31/25, 1:49:42 PM,,,,,,,,,,,,,0,0,ON,
May_23_2025_131113_1455,,N,5/31/25, 1:57:36 PM,,,,,,,,,,,,,0,0,ON,
May_23_2025_131113_1456,,N,5/31/25, 2:05:44 PM,,,,,,,,,,,,,0,0,ON,
May_23_2025_131113_1457,,N,5/31/25, 2:13:52 PM,,,,,,,,,,,,,0,0,ON,
May_23_2025_131113_1458,,N,5/31/25, 2:21:50 PM,,,,,,,,,,,,,0,0,ON,
May_23_2025_131113_1459,,N,5/31/25, 2:29:30 PM,,,,,,,,,,,,,0,0,ON,
May_23_2025_131113_1460,,N,5/31/25, 2:37:26 PM,,,,,,,,,,,,,0,0,ON,
May_23_2025_131113_1461,,N,5/31/25, 2:45:32 PM,,,,,,,,,,,,,0,0,ON,
May_23_2025_131113_1462,,N,5/31/25, 2:53:42 PM,,,,,,,,,,,,,0,0,ON,
May_23_2025_131113_1463,,N,5/31/25, 3:01:40 PM,,,,,,,,,,,,,0,0,ON,
May_23_2025_131113_1464,,N,5/31/25, 3:09:36 PM,,,,,,,,,,,,,0,0,ON,
May_23_2025_131113_1465,,N,5/31/25, 3:17:24 PM,,,,,,,,,,,,,0,0,ON,
May_23_2025_131113_1466,,N,5/31/25, 3:25:06 PM,,,,,,,,,,,,,0,0,ON,
May_23_2025_131113_1467,,N,5/31/25, 3:32:38 PM,,,,,,,,,,,,,0,0,ON,
May_23_2025_131113_1468,,N,5/31/25, 3:40:08 PM,,,,,,,,,,,,,0,0,ON,
May_23_2025_131113_1469,,N,5/31/25, 3:47:34 PM,,,,,,,,,,,,,0:00:00,0,ON,
May_23_2025_131113_1470,,N,5/31/25, 3:54:54 PM,,,,,,,,,,,,,0,0,ON,
May_23_2025_131113_1471,,N,5/31/25, 4:02:10 PM,,,,,,,,,,,,,0,0,ON,
May_23_2025_131113_1472,,N,5/31/25, 4:09:20 PM,,,,,,,,,,,,,0,0,ON,
May_23_2025_131113_1473,,N,5/31/25, 4:16:34 PM,,,,,,,,,,,,,0,0,ON,
May_23_2025_131113_1474,,N,5/31/25, 4:23:56 PM,,,,,,,,,,,,,0,0,ON,
May_23_2025_131113_1475,,N,5/31/25, 4:31:30 PM,,,,,,,,,,,,,0,0,ON,
May_23_2025_131113_1476,,N,5/31/25, 4:39:32 PM,,,,,,,,,,,,,0,0,ON,
May_23_2025_131113_1477,,N,5/31/25, 4:47:28 PM,,,,,,,,,,,,,0,0,ON,
May_23_2025_131113_1478,,N,5/31/25, 4:55:08 PM,,,,,,,,,,,,,0,0,ON,
May_23_2025_131113_1479,,N,5/31/25, 5:02:36 PM,,,,,,,,,,,,,0,0,ON,
May_23_2025_131113_1480,,N,5/31/25, 5:09:46 PM,,,,,,,,,,,,,0,0,ON,
May_23_2025_131113_1481,,N,5/31/25, 5:16:52 PM,,,,,,,,,,,,,0,0,ON,
May_23_2025_131113_1482,,N,5/31/25, 5:24:06 PM,,,,,,,,,,,,,0,0,ON,
May_23_2025_131113_1483,,N,5/31/25, 5:31:20 PM,,,,,,,,,,,,,0,0,ON,
May_23_2025_131113_1484,,N,5/31/25, 5:38:52 PM,,,,,,,,,,,,,0,0,ON,
May_23_2025_131113_1485,,N,5/31/25, 5:46:42 PM,,,,,,,,,,,,,0,0,ON,
May_23_2025_131113_1486,,N,5/31/25, 5:54:38 PM,,,,,,,,,,,,,0,0,ON,
May_23_2025_131113_1487,,N,5/31/25, 6:02:36 PM,,,,,,,,,,,,,0,0,ON,
May_23_2025_131113_1488,,N,5/31/25, 6:10:36 PM,,,,,,,,,,,,,0,0,ON,
May_23_2025_131113_1489,,N,5/31/25, 6:18:40 PM,,,,,,,,,,,,,0,0,ON,
May_23_2025_131113_1490,N,Y,5/31/25, 6:26:58 PM,1:22:05,1:22:46,,,,,,,,,,,0:00:41,40.9,ON,
May_23_2025_131113_1491,,N,5/31/25, 6:35:18 PM,,,,,,,,,,,,,0,0,ON,
May_23_2025_131113_1492,,N,5/31/25, 6:43:34 PM,,,,,,,,,,,,,0,0,ON,
May_23_2025_131113_1493,,N,5/31/25, 6:52:00 PM,,,,,,,,,,,,,0,0,ON,
May_23_2025_131113_1494,,N,5/31/25, 7:00:24 PM,,,,,,,,,,,,,0,0,ON,
May_23_2025_131113_1495,,N,5/31/25, 7:08:44 PM,,,,,,,,,,,,,0,0,ON,
May_23_2025_131113_1496,,N,5/31/25, 7:16:52 PM,,,,,,,,,,,,,0,0,ON,
May_23_2025_131113_1497,,N,5/31/25, 7:25:00 PM,,,,,,,,,,,,,0,0,ON,
May_23_2025_131113_1498,,N,5/31/25, 7:32:52 PM,,,,,,,,,,,,,0,0,ON,
May_23_2025_131113_1499,,N,5/31/25, 7:40:42 PM,,,,,,,,,,,,,0,0,ON,
May_23_2025_131113_1500,N,Y,5/31/25, 7:48:18 PM,2:42:14,2:42:33,,,,,,,,,,,0:00:19,18.8,ON,
May_23_2025_131113_1501,,N,5/31/25, 7:55:36 PM,,,,,,,,,,,,,0,0,ON,
May_23_2025_131113_1502,,N,5/31/25, 8:02:42 PM,,,,,,,,,,,,,0,0,ON,
May_23_2025_131113_1503,,N,5/31/25, 8:09:54 PM,,,,,,,,,,,,,0,0,ON,
May_23_2025_131113_1504,,N,5/31/25, 8:17:06 PM,,,,,,,,,,,,,0,0,ON,
May_23_2025_131113_1505,,N,5/31/25, 8:24:02 PM,,,,,,,,,,,,,0,0,ON,
May_23_2025_131113_1506,,N,5/31/25, 8:30:46 PM,,,,,,,,,,,,,0,0,ON,
May_23_2025_131113_1507,N,Y,5/31/25, 8:37:30 PM,3:35:01,3:35:08,3:36:04,3:36:17,,,,,,,,,0:00:19,19.3,ON,
May_23_2025_131113_1508,,N,5/31/25, 8:44:34 PM,,,,,,,,,,,,,0,0,ON,
May_23_2025_131113_1509,,N,5/31/25, 8:52:04 PM,,,,,,,,,,,,,0,0,ON,
May_23_2025_131113_1510,,N,5/31/25, 8:59:48 PM,,,,,,,,,,,,,0,0,ON,
May_23_2025_131113_1511,N,Y,5/31/25, 9:07:32 PM,4:00:05,4:00:22,,,,,,,,,,,0:00:17,16.8,ON,
May_23_2025_131113_1512,Y,Y,5/31/25, 9:15:08 PM,4:08:33,4:08:54,,,,,,,,,,,0:00:21,21.1,ON,
May_23_2025_131113_1513,N,Y,5/31/25, 9:22:40 PM,4:21:27,4:21:36,,,,,,,,,,,0:00:09,9.2,ON,
May_23_2025_131113_1514,Y,Y,5/31/25, 9:31:10 PM,4:22:40,4:23:14,,,,,,,,,,,0:00:35,34.9,ON,
May_23_2025_131113_1515,,N,5/31/25, 9:39:40 PM,,,,,,,,,,,,,0,0,ON,
May_23_2025_131113_1516,,N,5/31/25, 9:48:04 PM,,,,,,,,,,,,,0,0,ON,
May_23_2025_131113_1517,,N,5/31/25, 9:56:38 PM,,,,,,,,,,,,,0,0,ON,
May_23_2025_131113_1518,,N,5/31/25, 10:04:54 PM,,,,,,,,,,,,,0,0,ON,
May_23_2025_131113_1519,,N,5/31/25, 10:12:56 PM,,,,,,,,,,,,,0,0,ON,
May_23_2025_131113_1520,,N,5/31/25, 10:21:06 PM,,,,,,,,,,,,,0,0,ON,
May_23_2025_131113_1521,,N,5/31/25, 10:29:20 PM,,,,,,,,,,,,,0,0,ON,
May_23_2025_131113_1522,,N,5/31/25, 10:37:36 PM,,,,,,,,,,,,,0,0,ON,
May_23_2025_131113_1523,,N,5/31/25, 10:46:02 PM,,,,,,,,,,,,,0,0,ON,
May_23_2025_131113_1524,,N,5/31/25, 10:54:32 PM,,,,,,,,,,,,,0,0,ON,
May_23_2025_131113_1525,,N,5/31/25, 11:03:10 PM,,,,,,,,,,,,,0,0,ON,
May_23_2025_131113_1526,,N,5/31/25, 11:11:40 PM,,,,,,,,,,,,,0,0,ON,
May_23_2025_131113_1527,,N,5/31/25, 11:19:40 PM,,,,,,,,,,,,,0,0,ON,
May_23_2025_131113_1528,,N,5/31/25, 11:27:30 PM,,,,,,,,,,,,,0,0,ON,
May_23_2025_131113_1529,,N,5/31/25, 11:35:24 PM,,,,,,,,,,,,,0,0,ON,
May_23_2025_131113_1530,,N,5/31/25, 11:43:36 PM,,,,,,,,,,,,,0,0,ON,
May_23_2025_131113_1531,,N,5/31/25, 11:51:42 PM,,,,,,,,,,,,,0,0,ON,
May_23_2025_131113_1532,,N,5/31/25, 11:59:50 PM,,,,,,,,,,,,,0,0,ON,
May_23_2025_131113_1533,,N,6/1/25, 12:07:34 AM,,,,,,,,,,,,,0,0,OFF,
May_23_2025_131113_1534,N,Y,6/1/25, 12:15:24 AM,7:10:16,7:11:13,,,,,,,,,,,0:00:57,57,OFF,
May_23_2025_131113_1535,,N,6/1/25, 12:23:28 AM,,,,,,,,,,,,,0,0,OFF,
May_23_2025_131113_1536,,N,6/1/25, 12:31:30 AM,,,,,,,,,,,,,0,0,OFF,
May_23_2025_131113_1537,,N,6/1/25, 12:39:42 AM,,,,,,,,,,,,,0,0,OFF,
May_23_2025_131113_1538,,N,6/1/25, 12:47:36 AM,,,,,,,,,,,,,0,0,OFF,
May_23_2025_131113_1539,Y,Y,6/1/25, 12:55:28 AM,7:50:09,7:50:22,,,,,,,,,,,0:00:14,13.5,OFF,
May_23_2025_131113_1540,N,Y,6/1/25, 1:03:16 AM,7:58:25,7:58:36,,,,,,,,,,,0:00:11,10.7,OFF,
May_23_2025_131113_1541,N,Y,6/1/25, 1:11:10 AM,8:10:10,8:10:19,8:11:01,8:11:07,,,,,,,,,0:00:14,14.1,OFF,
May_23_2025_131113_1542,,N,6/1/25, 1:19:02 AM,,,,,,,,,,,,,0,0,OFF,
May_23_2025_131113_1543,,N,6/1/25, 1:26:56 AM,,,,,,,,,,,,,0,0,OFF,
May_23_2025_131113_1544,Y,Y,6/1/25, 1:34:56 AM,8:27:14,8:27:27,,,,,,,,,,,0:00:14,13.6,OFF,
May_23_2025_131113_1545,,N,6/1/25, 1:42:48 AM,,,,,,,,,,,,,0,0,OFF,
May_23_2025_131113_1546,Y,Y,6/1/25, 1:50:40 AM,8:48:24,8:48:35,8:48:44,8:48:57,8:49:22,8:49:27,,,,,,,0:00:29,28.9,OFF,
May_23_2025_131113_1547,Y,Y,6/1/25, 1:58:34 AM,8:50:39,8:50:45,8:51:35,8:51:48,8:54:21,8:54:26,8:55:19,8:55:31,,,,,0:00:35,34.8,OFF,
May_23_2025_131113_1548,Y,Y,6/1/25, 2:06:30 AM,9:00:20,9:00:32,9:01:53,9:02:05,9:05:07,9:05:27,,,,,9:13:25,9:13:42,0:01:01,61.36,OFF,last time is for next file
May_23_2025_131113_1549,Y,Y,6/1/25, 2:14:22 AM,9:06:46,9:06:52,9:07:54,9:07:58,9:08:06,9:08:14,9:09:55,9:10:18,9:12:21,9:12:57,9:13:21,9:13:42,0:01:38,97.9,OFF,baby seals and a lot of tijme good file for example
May_23_2025_131113_1550,Y,Y,6/1/25, 2:22:26 AM,9:18:15,9:19:57,9:20:56,9:21:36,,,,,,,,,0:02:23,142.6,OFF,
May_23_2025_131113_1551,,N,6/1/25, 2:30:28 AM,,,,,,,,,,,,,0,0,OFF,
May_23_2025_131113_1552,Y,Y,6/1/25, 2:38:34 AM,9:33:38,9:33:41,9:33:45,9:33:51,9:33:54,9:33:56,,,,,,,0:00:11,11.4,OFF,
May_23_2025_131113_1553,,N,6/1/25, 2:46:38 AM,,,,,,,,,,,,,0,0,OFF,
May_23_2025_131113_1554,,N,6/1/25, 2:54:40 AM,,,,,,,,,,,,,0,0,OFF,
May_23_2025_131113_1555,,N,6/1/25, 3:02:26 AM,,,,,,,,,,,,,0,0,OFF,
May_23_2025_131113_1556,,N,6/1/25, 3:10:20 AM,,,,,,,,,,,,,0,0,OFF,
May_23_2025_131113_1557,N,Y,6/1/25, 3:18:16 AM,10:11:28,10:11:33,,,,,,,,,,,0:00:05,4.8,OFF,
May_23_2025_131113_1558,,N,6/1/25, 3:26:06 AM,,,,,,,,,,,,,0,0,OFF,
May_23_2025_131113_1559,,N,6/1/25, 3:34:02 AM,,,,,,,,,,,,,0,0,OFF,
May_23_2025_131113_1560,,N,6/1/25, 3:41:48 AM,,,,,,,,,,,,,0,0,OFF,
May_23_2025_131113_1561,,N,6/1/25, 3:49:26 AM,,,,,,,,,,,,,0,0,OFF,
May_23_2025_131113_1562,,N,6/1/25, 3:56:48 AM,,,,,,,,,,,,,0,0,OFF,
May_23_2025_131113_1563,,N,6/1/25, 4:04:16 AM,,,,,,,,,,,,,0,0,OFF,
May_23_2025_131113_1564,,N,6/1/25, 4:11:54 AM,,,,,,,,,,,,,0,0,OFF,
May_23_2025_131113_1565,,N,6/1/25, 4:19:40 AM,,,,,,,,,,,,,0,0,OFF,
May_23_2025_131113_1566,,N,6/1/25, 4:27:38 AM,,,,,,,,,,,,,0,0,OFF,
May_23_2025_131113_1567,N,Y,6/1/25, 4:35:52 AM,11:27:39,11:27:56,,,,,,,,,,,0:00:18,17.5,OFF,
May_23_2025_131113_1568,,N,6/1/25, 4:44:22 AM,,,,,,,,,,,,,0,0,OFF,
May_23_2025_131113_1569,,N,6/1/25, 4:52:44 AM,,,,,,,,,,,,,0,0,OFF,
May_23_2025_131113_1570,,N,6/1/25, 5:01:14 AM,,,,,,,,,,,,,0,0,OFF,
May_23_2025_131113_1571,,N,6/1/25, 5:09:32 AM,,,,,,,,,,,,,0,0,OFF,
May_23_2025_131113_1572,,N,6/1/25, 5:17:52 AM,,,,,,,,,,,,,0,0,OFF,
May_23_2025_131113_1573,,N,6/1/25, 5:26:38 AM,,,,,,,,,,,,,0,0,OFF,
May_23_2025_131113_1574,,N,6/1/25, 5:35:02 AM,,,,,,,,,,,,,0,0,OFF,
May_23_2025_131113_1575,,N,6/1/25, 5:43:26 AM,,,,,,,,,,,,,0,0,OFF,
May_23_2025_131113_1576,,N,6/1/25, 5:51:50 AM,,,,,,,,,,,,,0,0,OFF,
May_23_2025_131113_1577,,N,6/1/25, 6:00:12 AM,,,,,,,,,,,,,0,0,OFF,
May_23_2025_131113_1578,,N,6/1/25, 6:08:38 AM,,,,,,,,,,,,,0,0,OFF,
May_23_2025_131113_1579,,N,6/1/25, 6:17:06 AM,,,,,,,,,,,,,0,0,OFF,
May_23_2025_131113_1580,,N,6/1/25, 6:25:28 AM,,,,,,,,,,,,,0,0,OFF,
May_23_2025_131113_1581,,N,6/1/25, 6:33:34 AM,,,,,,,,,,,,,0,0,OFF,
May_23_2025_131113_1582,,N,6/1/25, 6:41:36 AM,,,,,,,,,,,,,0,0,OFF,
May_23_2025_131113_1583,,N,6/1/25, 6:49:44 AM,,,,,,,,,,,,,0,0,OFF,
May_23_2025_131113_1584,N,Y,6/1/25, 6:58:16 AM,13:57:13,13:57:19,,,,,,,,,,,0:00:07,6.5,OFF,
May_23_2025_131113_1585,,N,6/1/25, 7:06:42 AM,,,,,,,,,,,,,0,0,OFF,
May_23_2025_131113_1586,,N,6/1/25, 7:15:10 AM,,,,,,,,,,,,,0,0,OFF,
May_23_2025_131113_1587,,N,6/1/25, 7:23:36 AM,,,,,,,,,,,,,0,0,OFF,
May_23_2025_131113_1588,,N,6/1/25, 7:32:00 AM,,,,,,,,,,,,,0,0,OFF,
May_23_2025_131113_1589,,N,6/1/25, 7:40:08 AM,,,,,,,,,,,,,0,0,OFF,
May_23_2025_131113_1590,,N,6/1/25, 7:48:18 AM,,,,,,,,,,,,,0,0,OFF,
May_23_2025_131113_1591,,N,6/1/25, 7:56:28 AM,,,,,,,,,,,,,0,0,OFF,
May_23_2025_131113_1592,,N,6/1/25, 8:04:18 AM,,,,,,,,,,,,,0,0,OFF,
May_23_2025_131113_1593,,N,6/1/25, 8:12:16 AM,,,,,,,,,,,,,0,0,OFF,
May_23_2025_131113_1594,,N,6/1/25, 8:20:04 AM,,,,,,,,,,,,,0,0,OFF,
May_23_2025_131113_1595,,N,6/1/25, 8:28:08 AM,,,,,,,,,,,,,0,0,OFF,
May_23_2025_131113_1596,,N,6/1/25, 8:36:06 AM,,,,,,,,,,,,,0,0,OFF,
May_23_2025_131113_1597,,N,6/1/25, 8:44:00 AM,,,,,,,,,,,,,0,0,OFF,
May_23_2025_131113_1598,,N,6/1/25, 8:52:12 AM,,,,,,,,,,,,,0,0,OFF,
May_23_2025_131113_1599,,N,6/1/25, 9:00:04 AM,,,,,,,,,,,,,0,0,OFF,
May_23_2025_131113_1600,,N,6/1/25, 9:08:06 AM,,,,,,,,,,,,,0,0,OFF,
May_23_2025_131113_1712,N,Y,6/2/25, 12:02:54 AM,6:55:51,6:56:11,,,,,,,,,,,0:00:20,20,OFF,
May_23_2025_131113_1713,Y,Y,6/2/25, 12:10:10 AM,7:07:32,7:07:42,,,,,,,,,,,0:00:10,10,OFF,
May_23_2025_131113_1714,,N,6/2/25, 12:18:10 AM,,,,,,,,,,,,,0,0,OFF,
May_23_2025_131113_1715,Y,Y,6/2/25, 12:25:46 AM,7:24:27,7:24:35,,,,,,,,,,,0:00:08,8,OFF,
May_23_2025_131113_1716,,N,6/2/25, 12:32:54 AM,,,,,,,,,,,,,0,0,OFF,
May_23_2025_131113_1717,,N,6/2/25, 12:39:58 AM,,,,,,,,,,,,,0,0,OFF,
May_23_2025_131113_1718,N,Y,6/2/25, 12:47:44 AM,7:40:13,7:40:24,7:45:34,7:45:40,,,,,,,,,0:00:17,17,OFF,
May_23_2025_131113_1719,N,Y,6/2/25, 12:55:54 AM,7:48:45,7:48:55,,,,,,,,,,,0:00:10,10,OFF,
May_23_2025_131113_1720,N,Y,6/2/25, 1:04:16 AM,7:56:15,7:56:26,7:57:12,7:57:27,,,,,,,,,0:00:26,26,OFF,
May_23_2025_131113_1721,N,Y,6/2/25, 1:12:42 AM,8:04:40,8:05:11,,,,,,,,,,,0:00:31,31,OFF,
May_23_2025_131113_1722,N,Y,6/2/25, 1:20:48 AM,8:19:52,8:20:03,,,,,,,,,,,0:00:11,11,OFF,
May_23_2025_131113_1723,N,Y,6/2/25, 1:28:48 AM,8:20:57,8:21:07,8:21:23,8:21:39,,,,,,,,,0:00:26,26,OFF,
May_23_2025_131113_1724,N,Y,6/2/25, 1:36:56 AM,8:29:37,8:30:45,,,,,,,,,,,0:01:08,68,OFF,
May_23_2025_131113_1725,,N,6/2/25, 1:45:02 AM,,,,,,,,,,,,,0,0,OFF,Another large object but it does not move so I called it not a seal
May_23_2025_131113_1726,,N,6/2/25, 1:53:04 AM,,,,,,,,,,,,,0,0,OFF,
May_23_2025_131113_1727,,N,6/2/25, 2:01:04 AM,,,,,,,,,,,,,0,0,OFF,
May_23_2025_131113_1728,,N,6/2/25, 2:08:56 AM,,,,,,,,,,,,,0,0,OFF,
May_23_2025_131113_1729,,N,6/2/25, 2:16:54 AM,,,,,,,,,,,,,0,0,OFF,
May_23_2025_131113_1730,,N,6/2/25, 2:25:04 AM,,,,,,,,,,,,,0,0,OFF,
May_23_2025_131113_1731,,N,6/2/25, 2:33:20 AM,,,,,,,,,,,,,0,0,OFF,
May_23_2025_131113_1732,,N,6/2/25, 2:41:42 AM,,,,,,,,,,,,,0,0,OFF,
May_23_2025_131113_1733,,N,6/2/25, 2:50:00 AM,,,,,,,,,,,,,0,0,OFF,
May_23_2025_131113_1734,,N,6/2/25, 2:58:18 AM,,,,,,,,,,,,,0,0,OFF,
May_23_2025_131113_1735,,N,6/2/25, 3:06:38 AM,,,,,,,,,,,,,0,0,OFF,
May_23_2025_131113_1736,,N,6/2/25, 3:15:00 AM,,,,,,,,,,,,,0,0,OFF,
May_23_2025_131113_1737,,N,6/2/25, 3:23:22 AM,,,,,,,,,,,,,0,0,OFF,
May_23_2025_131113_1738,,N,6/2/25, 3:31:38 AM,,,,,,,,,,,,,0,0,OFF,
May_23_2025_131113_1739,,N,6/2/25, 3:40:02 AM,,,,,,,,,,,,,0,0,OFF,
May_23_2025_131113_1740,,N,6/2/25, 3:48:24 AM,,,,,,,,,,,,,0,0,OFF,
May_23_2025_131113_1741,,N,6/2/25, 3:56:26 AM,,,,,,,,,,,,,0,0,OFF,A lot of debris around the blueview
May_23_2025_131113_1742,,N,6/2/25, 4:04:32 AM,,,,,,,,,,,,,0,0,OFF,
May_23_2025_131113_1743,,N,6/2/25, 4:12:24 AM,,,,,,,,,,,,,0,0,OFF,
May_23_2025_131113_1744,,N,6/2/25, 4:20:00 AM,,,,,,,,,,,,,0,0,OFF,
May_23_2025_131113_1745,,N,6/2/25, 4:27:32 AM,,,,,,,,,,,,,0,0,OFF,
May_23_2025_131113_1746,,N,6/2/25, 4:35:56 AM,,,,,,,,,,,,,0,0,OFF,
May_23_2025_131113_1747,Y,Y,6/2/25, 4:44:12 AM,11:40:51,11:41:14,11:40:52,11:41:12,11:41:14,11:41:35,11:43:03,11:43:27,,,,,0:01:28,88,OFF,
May_23_2025_131113_1748,Y,Y,6/2/25, 4:52:38 AM,11:45:42,11:46:34,,,,,,,,,,,0:00:52,52,OFF,
May_23_2025_131113_1749,Y,Y,6/2/25, 5:00:56 AM,11:55:12,11:55:37,11:56:49,11:57:03,,,,,,,,,0:00:39,39,OFF,
May_23_2025_131113_1750,Y,Y,6/2/25, 5:09:20 AM,12:06:05,12:06:39,,,,,,,,,,,0:00:34,34,OFF,
May_23_2025_131113_1751,,N,6/2/25, 5:17:48 AM,,,,,,,,,,,,,0,0,OFF,
May_23_2025_131113_1752,,N,6/2/25, 5:26:20 AM,,,,,,,,,,,,,0,0,OFF,
May_23_2025_131113_1753,,N,6/2/25, 5:34:52 AM,,,,,,,,,,,,,0,0,OFF,
May_23_2025_131113_1754,,N,6/2/25, 5:43:24 AM,,,,,,,,,,,,,0,0,OFF,
May_23_2025_131113_1755,,N,6/2/25, 5:51:50 AM,,,,,,,,,,,,,0,0,OFF,
May_23_2025_131113_1756,,N,6/2/25, 6:00:10 AM,,,,,,,,,,,,,0,0,OFF,
May_23_2025_131113_1757,,N,6/2/25, 6:08:34 AM,,,,,,,,,,,,,0,0,OFF,
May_23_2025_131113_1758,,N,6/2/25, 6:17:06 AM,,,,,,,,,,,,,0,0,OFF,
May_23_2025_131113_1759,,N,6/2/25, 6:25:34 AM,,,,,,,,,,,,,0,0,OFF,
May_23_2025_131113_1760,,N,6/2/25, 6:33:56 AM,,,,,,,,,,,,,0,0,OFF,
May_23_2025_131113_1761,,N,6/2/25, 6:42:12 AM,,,,,,,,,,,,,0,0,OFF,
May_23_2025_131113_1762,,N,6/2/25, 6:50:18 AM,,,,,,,,,,,,,0,0,OFF,
May_23_2025_131113_1763,,N,6/2/25, 6:58:16 AM,,,,,,,,,,,,,0,0,OFF,
May_23_2025_131113_1764,,N,6/2/25, 7:06:16 AM,,,,,,,,,,,,,0,0,OFF,
May_23_2025_131113_1765,,N,6/2/25, 7:14:10 AM,,,,,,,,,,,,,0,0,OFF,
May_23_2025_131113_1766,,N,6/2/25, 7:22:02 AM,,,,,,,,,,,,,0,0,OFF,
May_23_2025_131113_1767,,N,6/2/25, 7:29:54 AM,,,,,,,,,,,,,0,0,OFF,
May_23_2025_131113_1768,,N,6/2/25, 7:37:46 AM,,,,,,,,,,,,,0,0,OFF,
May_23_2025_131113_1769,,N,6/2/25, 7:45:36 AM,,,,,,,,,,,,,0,0,OFF,
May_23_2025_131113_1770,,N,6/2/25, 7:53:30 AM,,,,,,,,,,,,,0,0,OFF,
May_23_2025_131113_1771,,N,6/2/25, 8:01:48 AM,,,,,,,,,,,,,0,0,OFF,
May_23_2025_131113_1772,,N,6/2/25, 8:09:54 AM,,,,,,,,,,,,,0,0,OFF,
May_23_2025_131113_1773,,N,6/2/25, 8:17:50 AM,,,,,,,,,,,,,0,0,OFF,
May_23_2025_131113_1774,,N,6/2/25, 8:25:42 AM,,,,,,,,,,,,,0,0,OFF,
May_23_2025_131113_1775,,N,6/2/25, 8:33:24 AM,,,,,,,,,,,,,0,0,OFF,
May_23_2025_131113_1776,,N,6/2/25, 8:40:54 AM,,,,,,,,,,,,,0,0,OFF,
May_23_2025_131113_1777,,N,6/2/25, 8:48:24 AM,,,,,,,,,,,,,0,0,OFF,
May_23_2025_131113_1778,,N,6/2/25, 8:56:06 AM,,,,,,,,,,,,,0,0,OFF,
May_23_2025_131113_1779,,N,6/2/25, 9:03:54 AM,,,,,,,,,,,,,0,0,OFF,something swims through but it is too small to be a seal and doesn't quite swim right
May_23_2025_131113_1780,,N,6/2/25, 9:11:46 AM,,,,,,,,,,,,,0,0,OFF,
May_23_2025_131113_1781,,N,6/2/25, 9:19:28 AM,,,,,,,,,,,,,0,0,OFF,
May_23_2025_131113_1782,,N,6/2/25, 9:27:06 AM,,,,,,,,,,,,,0,0,OFF,
May_23_2025_131113_1783,,N,6/2/25, 9:34:20 AM,,,,,,,,,,,,,0,0,OFF,
May_23_2025_131113_1784,,N,6/2/25, 9:41:52 AM,,,,,,,,,,,,,0,0,OFF,
May_23_2025_131113_1785,,N,6/2/25, 9:49:32 AM,,,,,,,,,,,,,0,0,OFF,
May_23_2025_131113_1786,,N,6/2/25, 9:57:22 AM,,,,,,,,,,,,,0,0,OFF,
May_23_2025_131113_1787,,N,6/2/25, 10:05:18 AM,,,,,,,,,,,,,0,0,OFF,
May_23_2025_131113_1788,,N,6/2/25, 10:13:16 AM,,,,,,,,,,,,,0,0,OFF,
May_23_2025_131113_1789,,N,6/2/25, 10:20:36 AM,,,,,,,,,,,,,0,0,OFF,
May_23_2025_131113_1790,,N,6/2/25, 10:28:12 AM,,,,,,,,,,,,,0,0,OFF,
May_23_2025_131113_1791,,N,6/2/25, 10:35:30 AM,,,,,,,,,,,,,0,0,OFF,
May_23_2025_131113_1792,,N,6/2/25, 10:42:38 AM,,,,,,,,,,,,,0,0,OFF,
May_23_2025_131113_1793,N,Y,6/2/25, 10:50:08 AM,17:47:55,17:48:01,,,,,,,,,,,0:00:06,6,OFF,
May_23_2025_131113_1794,N,Y,6/2/25, 10:58:00 AM,17:51:51,17:52:00,,,,,,,,,,,0:00:09,9,OFF,
May_23_2025_131113_1795,N,Y,6/2/25, 11:06:00 AM,18:00:16,18:00:29,,,,,,,,,,,0:00:13,13,OFF,
May_23_2025_131113_1796,,N,6/2/25, 11:13:48 AM,,,,,,,,,,,,,0,0,OFF,
May_23_2025_131113_1797,,N,6/2/25, 11:21:32 AM,,,,,,,,,,,,,0,0,OFF,
May_23_2025_131113_1798,,N,6/2/25, 11:29:08 AM,,,,,,,,,,,,,0,0,OFF,
May_23_2025_131113_1799,,N,6/2/25, 11:36:48 AM,,,,,,,,,,,,,0,0,OFF,Something drifts by on the left side of fov but I can't say it was a seal
May_23_2025_131113_1800,,N,6/2/25, 11:44:28 AM,,,,,,,,,,,,,0,0,OFF,
May_23_2025_131113_1801,,N,6/2/25, 11:52:06 AM,,,,,,,,,,,,,0,0,OFF,
May_23_2025_131113_1802,,N,6/2/25, 11:59:36 AM,,,,,,,,,,,,,0,0,OFF,
May_23_2025_131113_1803,,N,6/2/25, 12:07:08 PM,,,,,,,,,,,,,0,0,OFF,
May_23_2025_131113_1804,,N,6/2/25, 12:14:50 PM,,,,,,,,,,,,,0,0,OFF,
May_23_2025_131113_1805,N,Y,6/2/25, 12:22:34 PM,19:16:38,19:16:46,,,,,,,,,,,0:00:08,8,OFF,
May_23_2025_131113_1806,,N,6/2/25, 12:30:18 PM,,,,,,,,,,,,,0,0,OFF,
May_23_2025_131113_1807,,N,6/2/25, 12:38:10 PM,,,,,,,,,,,,,0,0,OFF,
May_23_2025_131113_1808,,N,6/2/25, 12:45:50 PM,,,,,,,,,,,,,0,0,OFF,
May_23_2025_131113_1809,,N,6/2/25, 12:53:26 PM,,,,,,,,,,,,,0,0,OFF,
May_23_2025_131113_1810,,N,6/2/25, 1:01:08 PM,,,,,,,,,,,,,0,0,OFF,
May_23_2025_131113_1811,,N,6/2/25, 1:08:56 PM,,,,,,,,,,,,,0,0,OFF,
May_23_2025_131113_1812,,N,6/2/25, 1:16:54 PM,,,,,,,,,,,,,0,0,OFF,One quick object top right of screen but not enough evidence of it being a seal
May_23_2025_131113_1813,,N,6/2/25, 1:24:48 PM,,,,,,,,,,,,,0,0,OFF,
May_23_2025_131113_1814,,N,6/2/25, 1:32:50 PM,,,,,,,,,,,,,0,0,OFF,
May_23_2025_131113_1815,,N,6/2/25, 1:40:58 PM,,,,,,,,,,,,,0,0,OFF,
May_23_2025_131113_1816,,N,6/2/25, 1:48:34 PM,,,,,,,,,,,,,0,0,OFF,
May_23_2025_131113_1817,,N,6/2/25, 1:56:02 PM,,,,,,,,,,,,,0,0,OFF,
May_23_2025_131113_1818,,N,6/2/25, 2:03:26 PM,,,,,,,,,,,,,0,0,OFF,
May_23_2025_131113_1819,,N,6/2/25, 2:10:44 PM,,,,,,,,,,,,,0,0,OFF,
May_23_2025_131113_1820,,N,6/2/25, 2:17:58 PM,,,,,,,,,,,,,0,0,OFF,
May_23_2025_131113_1821,,N,6/2/25, 2:24:56 PM,,,,,,,,,,,,,0,0,OFF,
May_23_2025_131113_1822,,N,6/2/25, 2:32:10 PM,,,,,,,,,,,,,0,0,OFF,
May_23_2025_131113_1823,,N,6/2/25, 2:39:44 PM,,,,,,,,,,,,,0,0,OFF,
May_23_2025_131113_1824,,N,6/2/25, 2:47:26 PM,,,,,,,,,,,,,0,0,OFF,
May_23_2025_131113_1825,,N,6/2/25, 2:54:58 PM,,,,,,,,,,,,,0,0,OFF,
May_23_2025_131113_1826,,N,6/2/25, 3:02:34 PM,,,,,,,,,,,,,0,0,OFF,
May_23_2025_131113_1827,,N,6/2/25, 3:10:28 PM,,,,,,,,,,,,,0,0,OFF,
May_23_2025_131113_1828,,N,6/2/25, 3:18:08 PM,,,,,,,,,,,,,0,0,OFF,
May_23_2025_131113_1829,,N,6/2/25, 3:25:56 PM,,,,,,,,,,,,,0,0,OFF,
May_23_2025_131113_1830,,N,6/2/25, 3:33:44 PM,,,,,,,,,,,,,0,0,OFF,
May_23_2025_131113_1831,,N,6/2/25, 3:41:30 PM,,,,,,,,,,,,,0,0,OFF,
May_23_2025_131113_1832,N,Y,6/2/25, 3:49:18 PM,22:45:10,22:45:19,,,,,,,,,,,0:00:09,9,OFF,
May_23_2025_131113_1833,,N,6/2/25, 3:57:10 PM,,,,,,,,,,,,,0,0,OFF,
May_23_2025_131113_1834,,N,6/2/25, 4:05:04 PM,,,,,,,,,,,,,0,0,OFF,
May_23_2025_131113_1835,,N,6/2/25, 4:13:02 PM,,,,,,,,,,,,,0,0,OFF,
May_23_2025_131113_1836,,N,6/2/25, 4:21:16 PM,,,,,,,,,,,,,0,0,OFF,
May_23_2025_131113_1837,,N,6/2/25, 4:29:26 PM,,,,,,,,,,,,,0,0,OFF,
May_23_2025_131113_1838,N,Y,6/2/25, 4:37:44 PM,23:30:51,23:31:05,,,,,,,,,,,0:00:14,14,OFF,
May_23_2025_131113_1839,,N,6/2/25, 4:46:18 PM,,,,,,,,,,,,,0,0,OFF,
May_23_2025_131113_1840,,Y,6/2/25, 4:54:56 PM,23:51:43,23:51:56,,,,,,,,,,,0:00:13,13,OFF,
May_23_2025_131113_1841,,N,6/2/25, 5:03:18 PM,,,,,,,,,,,,,0,0,OFF,
May_23_2025_131113_1842,,N,6/2/25, 5:11:42 PM,,,,,,,,,,,,,0,0,OFF,
May_23_2025_131113_1843,,N,6/2/25, 5:19:56 PM,,,,,,,,,,,,,0,0,OFF,
May_23_2025_131113_1844,,N,6/2/25, 5:28:06 PM,,,,,,,,,,,,,0,0,OFF,
May_23_2025_131113_1845,,N,6/2/25, 5:36:12 PM,,,,,,,,,,,,,0,0,OFF,
May_23_2025_131113_1846,,N,6/2/25, 5:44:20 PM,,,,,,,,,,,,,0,0,OFF,
May_23_2025_131113_1847,,N,6/2/25, 5:52:36 PM,,,,,,,,,,,,,0,0,OFF,
May_23_2025_131113_1848,N,Y,6/2/25, 6:00:38 PM,0:57:09,0:57:27,0:57:12,0:57:26,,,,,,,,,0:00:32,32,OFF,
May_23_2025_131113_1849,,N,6/2/25, 6:08:20 PM,,,,,,,,,,,,,0,0,OFF,
May_23_2025_131113_1850,,N,6/2/25, 6:15:50 PM,,,,,,,,,,,,,0,0,OFF,
May_23_2025_131113_1851,,N,6/2/25, 6:23:20 PM,,,,,,,,,,,,,0,0,OFF,
May_23_2025_131113_1852,,N,6/2/25, 6:30:52 PM,,,,,,,,,,,,,0,0,OFF,
May_23_2025_131113_1853,,N,6/2/25, 6:38:16 PM,,,,,,,,,,,,,0,0,OFF,
May_23_2025_131113_1854,,N,6/2/25, 6:45:52 PM,,,,,,,,,,,,,0,0,OFF,
May_23_2025_131113_1855,N,Y,6/2/25, 6:53:28 PM,1:46:42,1:46:47,,,,,,,,,,,0:00:05,5,OFF,
May_23_2025_131113_1856,,N,6/2/25, 7:00:56 PM,,,,,,,,,,,,,0,0,OFF,
May_23_2025_131113_1857,,N,6/2/25, 7:08:28 PM,,,,,,,,,,,,,0,0,OFF,
May_23_2025_131113_1858,,N,6/2/25, 7:16:08 PM,,,,,,,,,,,,,0,0,OFF,
May_23_2025_131113_1859,,N,6/2/25, 7:23:58 PM,,,,,,,,,,,,,0,0,OFF,
May_23_2025_131113_1860,,N,6/2/25, 7:31:56 PM,,,,,,,,,,,,,0,0,OFF,
May_23_2025_131113_1861,N,Y,6/2/25, 7:39:58 PM,2:34:15,2:34:23,2:34:30,2:34:50,,,,,,,,,0:00:28,28,OFF,
May_23_2025_131113_1862,,N,6/2/25, 7:48:02 PM,,,,,,,,,,,,,0,0,OFF,
May_23_2025_131113_1863,N,Y,6/2/25, 7:56:14 PM,2:49:02,2:49:46,,,,,,,,,,,0:00:44,44,OFF,
May_23_2025_131113_1864,,N,6/2/25, 8:04:28 PM,,,,,,,,,,,,,0,0,OFF,
May_23_2025_131113_1865,,N,6/2/25, 8:12:42 PM,,,,,,,,,,,,,0,0,OFF,
May_23_2025_131113_1866,,N,6/2/25, 8:20:44 PM,,,,,,,,,,,,,0,0,OFF,
May_23_2025_131113_1867,,N,6/2/25, 8:28:54 PM,,,,,,,,,,,,,0,0,OFF,
May_23_2025_131113_1868,,N,6/2/25, 8:37:20 PM,,,,,,,,,,,,,0,0,OFF,
May_23_2025_131113_1869,,N,6/2/25, 8:45:40 PM,,,,,,,,,,,,,0,0,OFF,
May_23_2025_131113_1870,,N,6/2/25, 8:54:00 PM,,,,,,,,,,,,,0,0,OFF,
May_23_2025_131113_1871,N,Y,6/2/25, 9:02:24 PM,3:57:32,3:57:39,,,,,,,,,,,0:00:07,7,OFF,
May_23_2025_131113_1872,,N,6/2/25, 9:10:56 PM,,,,,,,,,,,,,0,0,OFF,
May_23_2025_131113_1873,,N,6/2/25, 9:19:36 PM,,,,,,,,,,,,,0,0,OFF,
May_23_2025_131113_1874,N,Y,6/2/25, 9:28:18 PM,4:26:56,4:27:04,,,,,,,,,,,0:00:08,8,OFF,
May_23_2025_131113_1875,,N,6/2/25, 9:36:40 PM,,,,,,,,,,,,,0,0,OFF,
May_23_2025_131113_1876,,N,6/2/25, 9:44:50 PM,,,,,,,,,,,,,0,0,OFF,
May_23_2025_131113_1877,,N,6/2/25, 9:52:48 PM,,,,,,,,,,,,,0,0,OFF,
May_23_2025_131113_1878,,N,6/2/25, 10:00:52 PM,,,,,,,,,,,,,0,0,OFF,
May_23_2025_131113_1879,,N,6/2/25, 10:09:06 PM,,,,,,,,,,,,,0,0,OFF,
May_23_2025_131113_1880,,N,6/2/25, 10:16:46 PM,,,,,,,,,,,,,0,0,OFF,
May_23_2025_131113_1881,N,Y,6/2/25, 10:24:52 PM,5:23:22,5:23:47,,,,,,,,,,,0:00:25,25,OFF,
May_23_2025_131113_1882,,N,6/2/25, 10:33:08 PM,,,,,,,,,,,,,0,0,OFF,
May_23_2025_131113_1883,N,Y,6/2/25, 10:41:34 PM,5:34:21,5:34:38,,,,,,,,,,,0:00:17,17,OFF,
May_23_2025_131113_1884,,N,6/2/25, 10:50:10 PM,,,,,,,,,,,,,0,0,OFF,
May_23_2025_131113_1885,,N,6/2/25, 10:58:54 PM,,,,,,,,,,,,,0,0,OFF,
May_23_2025_131113_1886,N,Y,6/2/25, 11:07:38 PM,6:05:59,6:06:10,,,,,,,,,,,0:00:11,11,OFF,
May_23_2025_131113_1887,,N,6/2/25, 11:16:24 PM,,,,,,,,,,,,,0,0,OFF,
May_23_2025_131113_1888,N,Y,6/2/25, 11:25:10 PM,6:18:22,6:18:42,,,,,,,,,,,0:00:20,20,OFF,
May_23_2025_131113_1889,,N,6/2/25, 11:33:56 PM,,,,,,,,,,,,,0,0,OFF,
May_23_2025_131113_1890,,N,6/2/25, 11:42:38 PM,,,,,,,,,,,,,0,0,OFF,
May_23_2025_131113_1891,,N,6/2/25, 11:51:22 PM,,,,,,,,,,,,,0,0,OFF,
May_23_2025_131113_1892,,N,6/3/25, 12:00:10 AM,,,,,,,,,,,,,0,0,ON,
May_23_2025_131113_1893,,N,6/3/25, 12:08:52 AM,,,,,,,,,,,,,0,0,ON,
May_23_2025_131113_1894,,N,6/3/25, 12:17:34 AM,,,,,,,,,,,,,0,0,ON,
May_23_2025_131113_1895,,N,6/3/25, 12:25:52 AM,,,,,,,,,,,,,0,0,ON,
May_23_2025_131113_1896,,N,6/3/25, 12:33:50 AM,,,,,,,,,,,,,0,0,ON,
May_23_2025_131113_1897,,N,6/3/25, 12:41:42 AM,,,,,,,,,,,,,0,0,ON,
May_23_2025_131113_1898,,N,6/3/25, 12:49:36 AM,,,,,,,,,,,,,0,0,ON,
May_23_2025_131113_1899,,N,6/3/25, 12:57:36 AM,,,,,,,,,,,,,0,0,ON,
May_23_2025_131113_1900,,N,6/3/25, 1:05:02 AM,,,,,,,,,,,,,0,0,ON,
May_23_2025_131113_1901,,N,6/3/25, 1:12:32 AM,,,,,,,,,,,,,0,0,ON,
May_23_2025_131113_1902,,N,6/3/25, 1:20:06 AM,,,,,,,,,,,,,0,0,ON,
May_23_2025_131113_1903,,N,6/3/25, 1:27:50 AM,,,,,,,,,,,,,0,0,ON,
May_23_2025_131113_1904,,N,6/3/25, 1:35:48 AM,,,,,,,,,,,,,0,0,ON,
May_23_2025_131113_1905,,N,6/3/25, 1:43:54 AM,,,,,,,,,,,,,0,0,ON,
May_23_2025_131113_1906,,N,6/3/25, 1:52:04 AM,,,,,,,,,,,,,0,0,ON,
May_23_2025_131113_1907,,N,6/3/25, 2:00:00 AM,,,,,,,,,,,,,0,0,ON,
May_23_2025_131113_1908,,N,6/3/25, 2:07:22 AM,,,,,,,,,,,,,0,0,ON,
May_23_2025_131113_1909,,N,6/3/25, 2:14:48 AM,,,,,,,,,,,,,0,0,ON,
May_23_2025_131113_1910,,N,6/3/25, 2:22:52 AM,,,,,,,,,,,,,0,0,ON,
May_23_2025_131113_1911,N,Y,6/3/25, 2:30:52 AM,9:24:44,9:25:01,,,,,,,,,,,0:00:17,17,ON,
May_23_2025_131113_1912,,N,6/3/25, 2:38:56 AM,,,,,,,,,,,,,0,0,ON,
May_23_2025_131113_1913,,N,6/3/25, 2:46:58 AM,,,,,,,,,,,,,0,0,ON,
May_23_2025_131113_1914,,N,6/3/25, 2:55:10 AM,,,,,,,,,,,,,0,0,ON,
May_23_2025_131113_1915,,N,6/3/25, 3:03:18 AM,,,,,,,,,,,,,0,0,ON,
May_23_2025_131113_1916,,N,6/3/25, 3:11:30 AM,,,,,,,,,,,,,0,0,ON,
May_23_2025_131113_1917,,N,6/3/25, 3:19:46 AM,,,,,,,,,,,,,0,0,ON,
May_23_2025_131113_1918,,N,6/3/25, 3:28:12 AM,,,,,,,,,,,,,0,0,ON,
May_23_2025_131113_1919,,N,6/3/25, 3:36:26 AM,,,,,,,,,,,,,0,0,ON,
May_23_2025_131113_1920,,N,6/3/25, 3:44:36 AM,,,,,,,,,,,,,0,0,ON,
May_23_2025_131113_1921,,N,6/3/25, 3:52:42 AM,,,,,,,,,,,,,0,0,ON,
May_23_2025_131113_1922,,N,6/3/25, 4:00:54 AM,,,,,,,,,,,,,0,0,ON,
May_23_2025_131113_1923,,N,6/3/25, 4:09:00 AM,,,,,,,,,,,,,0,0,ON,
May_23_2025_131113_1924,,N,6/3/25, 4:16:58 AM,,,,,,,,,,,,,0,0,ON,
May_23_2025_131113_1925,,N,6/3/25, 4:24:46 AM,,,,,,,,,,,,,0,0,ON,
May_23_2025_131113_1926,,N,6/3/25, 4:32:26 AM,,,,,,,,,,,,,0,0,ON,
May_23_2025_131113_1927,,N,6/3/25, 4:40:00 AM,,,,,,,,,,,,,0,0,ON,
May_23_2025_131113_1928,,N,6/3/25, 4:47:22 AM,,,,,,,,,,,,,0,0,ON,
May_23_2025_131113_1929,,N,6/3/25, 4:54:56 AM,,,,,,,,,,,,,0,0,ON,
May_23_2025_131113_1930,,N,6/3/25, 5:02:40 AM,,,,,,,,,,,,,0,0,ON,
May_23_2025_131113_1931,,N,6/3/25, 5:10:40 AM,,,,,,,,,,,,,0,0,ON,
May_23_2025_131113_1932,,N,6/3/25, 5:18:50 AM,,,,,,,,,,,,,0,0,ON,
May_23_2025_131113_1933,,N,6/3/25, 5:26:44 AM,,,,,,,,,,,,,0,0,ON,
May_23_2025_131113_1934,,N,6/3/25, 5:34:56 AM,,,,,,,,,,,,,0,0,ON,
May_23_2025_131113_1935,,N,6/3/25, 5:43:02 AM,,,,,,,,,,,,,0,0,ON,
May_23_2025_131113_1936,,N,6/3/25, 5:51:00 AM,,,,,,,,,,,,,0,0,ON,
May_23_2025_131113_1937,,N,6/3/25, 5:58:50 AM,,,,,,,,,,,,,0,0,ON,
May_23_2025_131113_1938,,N,6/3/25, 6:06:44 AM,,,,,,,,,,,,,0,0,ON,
May_23_2025_131113_1939,,N,6/3/25, 6:14:48 AM,,,,,,,,,,,,,0,0,ON,
May_23_2025_131113_1940,,N,6/3/25, 6:23:00 AM,,,,,,,,,,,,,0,0,ON,
May_23_2025_131113_1941,,N,6/3/25, 6:31:24 AM,,,,,,,,,,,,,0,0,ON,
May_23_2025_131113_1942,N,Y,6/3/25, 6:39:58 AM,13:37:51,13:37:57,,,,,,,,,,,0:00:06,6,ON,
May_23_2025_131113_1943,,N,6/3/25, 6:48:24 AM,,,,,,,,,,,,,0,0,ON,
May_23_2025_131113_1944,,N,6/3/25, 6:56:30 AM,,,,,,,,,,,,,0,0,ON,
May_23_2025_131113_1945,,N,6/3/25, 7:04:18 AM,,,,,,,,,,,,,0,0,ON,
May_23_2025_131113_1946,,N,6/3/25, 7:12:20 AM,,,,,,,,,,,,,0,0,ON,
May_23_2025_131113_1947,,N,6/3/25, 7:20:36 AM,,,,,,,,,,,,,0,0,ON,
May_23_2025_131113_1948,,N,6/3/25, 7:29:08 AM,,,,,,,,,,,,,0,0,ON,
May_23_2025_131113_1949,,N,6/3/25, 7:37:36 AM,,,,,,,,,,,,,0,0,ON,
May_23_2025_131113_1950,,N,6/3/25, 7:45:48 AM,,,,,,,,,,,,,0,0,ON,
May_23_2025_131113_1951,,N,6/3/25, 7:53:40 AM,,,,,,,,,,,,,0,0,ON,
May_23_2025_131113_1952,,N,6/3/25, 8:01:40 AM,,,,,,,,,,,,,0,0,ON,
May_23_2025_131113_1953,,N,6/3/25, 8:09:48 AM,,,,,,,,,,,,,0,0,ON,
May_23_2025_131113_1954,,N,6/3/25, 8:17:56 AM,,,,,,,,,,,,,0,0,ON,
May_23_2025_131113_1955,,N,6/3/25, 8:26:06 AM,,,,,,,,,,,,,0,0,ON,
May_23_2025_131113_1956,,N,6/3/25, 8:34:22 AM,,,,,,,,,,,,,0,0,ON,
May_23_2025_131113_1957,,N,6/3/25, 8:42:54 AM,,,,,,,,,,,,,0,0,ON,
May_23_2025_131113_1958,,N,6/3/25, 8:51:32 AM,,,,,,,,,,,,,0,0,ON,
May_23_2025_131113_1959,,N,6/3/25, 9:00:02 AM,,,,,,,,,,,,,0,0,ON,
May_23_2025_131113_1960,,N,6/3/25, 9:08:34 AM,,,,,,,,,,,,,0,0,ON,
May_23_2025_131113_1961,,N,6/3/25, 9:16:48 AM,,,,,,,,,,,,,0,0,ON,
May_23_2025_131113_1962,,N,6/3/25, 9:24:56 AM,,,,,,,,,,,,,0,0,ON,
May_23_2025_131113_1963,,N,6/3/25, 9:33:16 AM,,,,,,,,,,,,,0,0,ON,
May_23_2025_131113_1964,,N,6/3/25, 9:41:36 AM,,,,,,,,,,,,,0,0,ON,
May_23_2025_131113_1965,,N,6/3/25, 9:50:06 AM,,,,,,,,,,,,,0,0,ON,
May_23_2025_131113_1966,,N,6/3/25, 9:58:50 AM,,,,,,,,,,,,,0,0,ON,Something swimming around but it is too small to be a seal at 0.7-0.8 m
May_23_2025_131113_1967,,N,6/3/25, 10:07:18 AM,,,,,,,,,,,,,0,0,ON,
May_23_2025_131113_1968,,N,6/3/25, 10:15:24 AM,,,,,,,,,,,,,0,0,ON,
May_23_2025_131113_1969,,N,6/3/25, 10:23:30 AM,,,,,,,,,,,,,0,0,ON,A bright object but really does not move or give indication it is a seal
May_23_2025_131113_1970,,N,6/3/25, 10:31:30 AM,,,,,,,,,,,,,0,0,ON,
May_23_2025_131113_1971,,N,6/3/25, 10:39:26 AM,,,,,,,,,,,,,0,0,ON,
May_23_2025_131113_1972,,N,6/3/25, 10:47:28 AM,,,,,,,,,,,,,0,0,ON,
May_23_2025_131113_1973,,N,6/3/25, 10:55:28 AM,,,,,,,,,,,,,0,0,ON,
May_23_2025_131113_1974,,N,6/3/25, 11:03:10 AM,,,,,,,,,,,,,0,0,ON,
May_23_2025_131113_1975,,N,6/3/25, 11:10:48 AM,,,,,,,,,,,,,0,0,ON,
May_23_2025_131113_1976,,N,6/3/25, 11:18:30 AM,,,,,,,,,,,,,0,0,ON,
May_23_2025_131113_1977,,N,6/3/25, 11:26:12 AM,,,,,,,,,,,,,0,0,ON,
May_23_2025_131113_1978,,N,6/3/25, 11:33:54 AM,,,,,,,,,,,,,0,0,ON,
May_23_2025_131113_1979,,N,6/3/25, 11:41:46 AM,,,,,,,,,,,,,0,0,ON,
May_23_2025_131113_1980,,N,6/3/25, 11:49:38 AM,,,,,,,,,,,,,0,0,ON,
May_23_2025_131113_1981,,N,6/3/25, 11:57:32 AM,,,,,,,,,,,,,0,0,ON,
May_23_2025_131113_1982,,N,6/3/25, 12:05:30 PM,,,,,,,,,,,,,0,0,ON,
May_23_2025_131113_1983,,N,6/3/25, 12:13:20 PM,,,,,,,,,,,,,0,0,ON,
May_23_2025_131113_1984,,N,6/3/25, 12:21:08 PM,,,,,,,,,,,,,0,0,ON,
May_23_2025_131113_1985,,N,6/3/25, 12:28:58 PM,,,,,,,,,,,,,0,0,ON,
May_23_2025_131113_1986,,N,6/3/25, 12:36:46 PM,,,,,,,,,,,,,0,0,ON,
May_23_2025_131113_1987,,N,6/3/25, 12:44:42 PM,,,,,,,,,,,,,0,0,ON,
May_23_2025_131113_1988,,N,6/3/25, 12:52:34 PM,,,,,,,,,,,,,0,0,ON,
May_23_2025_131113_1989,,N,6/3/25, 1:00:40 PM,,,,,,,,,,,,,0,0,ON,
May_23_2025_131113_1990,,N,6/3/25, 1:08:40 PM,,,,,,,,,,,,,0,0,ON,
May_23_2025_131113_1991,,N,6/3/25, 1:16:44 PM,,,,,,,,,,,,,0,0,ON,
May_23_2025_131113_1992,,N,6/3/25, 1:24:52 PM,,,,,,,,,,,,,0,0,ON,
May_23_2025_131113_1993,,N,6/3/25, 1:32:54 PM,,,,,,,,,,,,,0,0,ON,
May_23_2025_131113_1994,,N,6/3/25, 1:40:58 PM,,,,,,,,,,,,,0,0,ON,
May_23_2025_131113_1995,,N,6/3/25, 1:49:08 PM,,,,,,,,,,,,,0,0,ON,
May_23_2025_131113_1996,,N,6/3/25, 1:57:12 PM,,,,,,,,,,,,,0,0,ON,
May_23_2025_131113_1997,,N,6/3/25, 2:05:20 PM,,,,,,,,,,,,,0,0,ON,
May_23_2025_131113_1998,,N,6/3/25, 2:13:24 PM,,,,,,,,,,,,,0,0,ON,
May_23_2025_131113_1999,,N,6/3/25, 2:21:36 PM,,,,,,,,,,,,,0,0,ON,
May_23_2025_131113_2000,,N,6/3/25, 2:29:48 PM,,,,,,,,,,,,,0,0,ON,
May_23_2025_131113_2001,,N,6/3/25, 2:37:50 PM,,,,,,,,,,,,,0,0,ON,
May_23_2025_131113_2002,,N,6/3/25, 2:45:50 PM,,,,,,,,,,,,,0,0,ON,
May_23_2025_131113_2003,,N,6/3/25, 2:53:10 PM,,,,,,,,,,,,,0,0,ON,
May_23_2025_131113_2004,,N,6/3/25, 3:00:26 PM,,,,,,,,,,,,,0,0,ON,
May_23_2025_131113_2005,,N,6/3/25, 3:07:44 PM,,,,,,,,,,,,,0,0,ON,
May_23_2025_131113_2006,,N,6/3/25, 3:14:50 PM,,,,,,,,,,,,,0,0,ON,
May_23_2025_131113_2007,,N,6/3/25, 3:22:02 PM,,,,,,,,,,,,,0,0,ON,
May_23_2025_131113_2008,,N,6/3/25, 3:29:28 PM,,,,,,,,,,,,,0,0,ON,
May_23_2025_131113_2009,,N,6/3/25, 3:37:06 PM,,,,,,,,,,,,,0,0,ON,
May_23_2025_131113_2010,,N,6/3/25, 3:44:02 PM,,,,,,,,,,,,,0,0,ON,
May_23_2025_131113_2011,,N,6/3/25, 3:51:14 PM,,,,,,,,,,,,,0,0,ON,
May_23_2025_131113_2012,,N,6/3/25, 3:58:40 PM,,,,,,,,,,,,,0,0,ON,
May_23_2025_131113_2013,,N,6/3/25, 4:05:54 PM,,,,,,,,,,,,,0,0,ON,
May_23_2025_131113_2014,,N,6/3/25, 4:13:22 PM,,,,,,,,,,,,,0,0,ON,
May_23_2025_131113_2015,,N,6/3/25, 4:21:02 PM,,,,,,,,,,,,,0,0,ON,
May_23_2025_131113_2016,,N,6/3/25, 4:28:38 PM,,,,,,,,,,,,,0,0,ON,
May_23_2025_131113_2017,,N,6/3/25, 4:36:14 PM,,,,,,,,,,,,,0,0,ON,
May_23_2025_131113_2018,,N,6/3/25, 4:43:52 PM,,,,,,,,,,,,,0,0,ON,
May_23_2025_131113_2019,,N,6/3/25, 4:51:18 PM,,,,,,,,,,,,,0,0,ON,
May_23_2025_131113_2020,,N,6/3/25, 4:58:42 PM,,,,,,,,,,,,,0,0,ON,
May_23_2025_131113_2021,,N,6/3/25, 5:06:24 PM,,,,,,,,,,,,,0,0,ON,
May_23_2025_131113_2022,,N,6/3/25, 5:13:58 PM,,,,,,,,,,,,,0,0,ON,
May_23_2025_131113_2023,,N,6/3/25, 5:21:14 PM,,,,,,,,,,,,,0,0,ON,
May_23_2025_131113_2024,,N,6/3/25, 5:28:40 PM,,,,,,,,,,,,,0,0,ON,
May_23_2025_131113_2025, ,N,6/3/25, 5:36:24 PM,,,,,,,,,,,,,0,0,ON,
May_23_2025_131113_2026,,N,6/3/25, 5:44:36 PM,,,,,,,,,,,,,0,0,ON,
May_23_2025_131113_2027,,N,6/3/25, 5:52:54 PM,,,,,,,,,,,,,0,0,ON,
May_23_2025_131113_2028,,N,6/3/25, 6:01:06 PM,,,,,,,,,,,,,0,0,ON,
May_23_2025_131113_2029,,N,6/3/25, 6:09:20 PM,,,,,,,,,,,,,0,0,ON,
May_23_2025_131113_2030,,N,6/3/25, 6:17:20 PM,,,,,,,,,,,,,0,0,ON,
May_23_2025_131113_2031,,N,6/3/25, 6:25:10 PM,,,,,,,,,,,,,0,0,ON,
May_23_2025_131113_2032,,N,6/3/25, 6:32:58 PM,,,,,,,,,,,,,0,0,ON,
May_23_2025_131113_2033,,N,6/3/25, 6:40:46 PM,,,,,,,,,,,,,0,0,ON,
May_23_2025_131113_2034,,N,6/3/25, 6:48:30 PM,,,,,,,,,,,,,0,0,ON,
May_23_2025_131113_2035,,N,6/3/25, 6:55:54 PM,,,,,,,,,,,,,0,0,ON,
May_23_2025_131113_2036,,N,6/3/25, 7:03:02 PM,,,,,,,,,,,,,0,0,ON,
May_23_2025_131113_2037,,N,6/3/25, 7:10:00 PM,,,,,,,,,,,,,0,0,ON,
May_23_2025_131113_2038,,N,6/3/25, 7:17:02 PM,,,,,,,,,,,,,0,0,ON,
May_23_2025_131113_2039,,N,6/3/25, 7:23:58 PM,,,,,,,,,,,,,0,0,ON,
May_23_2025_131113_2040,,N,6/3/25, 7:31:02 PM,,,,,,,,,,,,,0,0,ON,
May_23_2025_131113_2041,,N,6/3/25, 7:38:16 PM,,,,,,,,,,,,,0,0,ON,
May_23_2025_131113_2042,,N,6/3/25, 7:45:42 PM,,,,,,,,,,,,,0,0,ON,
May_23_2025_131113_2043,,N,6/3/25, 7:52:56 PM,,,,,,,,,,,,,0,0,ON,
May_23_2025_131113_2044,,N,6/3/25, 8:00:14 PM,,,,,,,,,,,,,0,0,ON,
May_23_2025_131113_2045,,N,6/3/25, 8:07:34 PM,,,,,,,,,,,,,0,0,ON,
May_23_2025_131113_2046,,N,6/3/25, 8:14:44 PM,,,,,,,,,,,,,0,0,ON,
May_23_2025_131113_2047,,N,6/3/25, 8:21:40 PM,,,,,,,,,,,,,0,0,ON,
May_23_2025_131113_2048,,N,6/3/25, 8:28:34 PM,,,,,,,,,,,,,0,0,ON,
May_23_2025_131113_2049,,N,6/3/25, 8:35:38 PM,,,,,,,,,,,,,0,0,ON,
May_23_2025_131113_2050,,N,6/3/25, 8:42:44 PM,,,,,,,,,,,,,0,0,ON,
May_23_2025_131113_2051,,N,6/3/25, 8:49:50 PM,,,,,,,,,,,,,0,0,ON,
May_23_2025_131113_2052,,N,6/3/25, 8:56:56 PM,,,,,,,,,,,,,0,0,ON,
May_23_2025_131113_2053,,N,6/3/25, 9:04:02 PM,,,,,,,,,,,,,0,0,ON,
May_23_2025_131113_2054,,N,6/3/25, 9:11:12 PM,,,,,,,,,,,,,0,0,ON,
May_23_2025_131113_2055,,N,6/3/25, 9:18:32 PM,,,,,,,,,,,,,0,0,ON,
May_23_2025_131113_2056,,N,6/3/25, 9:26:06 PM,,,,,,,,,,,,,0,0,ON,
May_23_2025_131113_2057,,N,6/3/25, 9:33:52 PM,,,,,,,,,,,,,0,0,ON,
May_23_2025_131113_2058,,N,6/3/25, 9:41:44 PM,,,,,,,,,,,,,0,0,ON,
May_23_2025_131113_2059,,N,6/3/25, 9:49:42 PM,,,,,,,,,,,,,0,0,ON,
May_23_2025_131113_2060,,N,6/3/25, 9:57:40 PM,,,,,,,,,,,,,0,0,ON,
May_23_2025_131113_2061,,N,6/3/25, 10:05:38 PM,,,,,,,,,,,,,0,0,ON,
May_23_2025_131113_2062,,N,6/3/25, 10:13:34 PM,,,,,,,,,,,,,0,0,ON,
May_23_2025_131113_2063,,N,6/3/25, 10:21:44 PM,,,,,,,,,,,,,0,0,ON,
May_23_2025_131113_2064,,N,6/3/25, 10:29:54 PM,,,,,,,,,,,,,0,0,ON,
May_23_2025_131113_2065,,N,6/3/25, 10:38:04 PM,,,,,,,,,,,,,0,0,ON,
May_23_2025_131113_2066,,N,6/3/25, 10:45:54 PM,,,,,,,,,,,,,0,0,ON,
May_23_2025_131113_2067,,N,6/3/25, 10:53:34 PM,,,,,,,,,,,,,0,0,ON,
May_23_2025_131113_2068,,N,6/3/25, 11:01:14 PM,,,,,,,,,,,,,0,0,ON,
May_23_2025_131113_2069,,N,6/3/25, 11:08:54 PM,,,,,,,,,,,,,0,0,ON,
May_23_2025_131113_2070,,N,6/3/25, 11:16:34 PM,,,,,,,,,,,,,0,0,ON,
May_23_2025_131113_2071,,N,6/3/25, 11:24:24 PM,,,,,,,,,,,,,0,0,ON,
May_23_2025_131113_2072,,N,6/3/25, 11:32:10 PM,,,,,,,,,,,,,0,0,ON,
May_23_2025_131113_2073,,N,6/3/25, 11:39:58 PM,,,,,,,,,,,,,0,0,ON,
May_23_2025_131113_2074,,N,6/3/25, 11:48:04 PM,,,,,,,,,,,,,0,0,ON,
May_23_2025_131113_2075,,N,6/3/25, 11:56:04 PM,,,,,,,,,,,,,0,0,ON,
May_23_2025_131113_2076,,N,6/4/25, 12:04:10 AM,,,,,,,,,,,,,0,0,ON,
May_23_2025_131113_2077,,N,6/4/25, 12:12:18 AM,,,,,,,,,,,,,0,0,ON,
May_23_2025_131113_2078,,N,6/4/25, 12:20:30 AM,,,,,,,,,,,,,0,0,ON,
May_23_2025_131113_2079,,N,6/4/25, 12:28:46 AM,,,,,,,,,,,,,0,0,ON,
May_23_2025_131113_2080,,N,6/4/25, 12:37:02 AM,,,,,,,,,,,,,0,0,ON,
May_23_2025_131113_2081,,N,6/4/25, 12:45:08 AM,,,,,,,,,,,,,0,0,ON,
May_23_2025_131113_2082,,N,6/4/25, 12:53:12 AM,,,,,,,,,,,,,0,0,ON,
May_23_2025_131113_2083,,N,6/4/25, 1:01:10 AM,,,,,,,,,,,,,0,0,ON,
May_23_2025_131113_2084,,N,6/4/25, 1:09:04 AM,,,,,,,,,,,,,0,0,ON,
May_23_2025_131113_2085,,N,6/4/25, 1:17:06 AM,,,,,,,,,,,,,0,0,ON,
May_23_2025_131113_2086,,N,6/4/25, 1:25:08 AM,,,,,,,,,,,,,0,0,ON,
May_23_2025_131113_2087,,N,6/4/25, 1:33:04 AM,,,,,,,,,,,,,0,0,ON,
May_23_2025_131113_2088,,N,6/4/25, 1:41:08 AM,,,,,,,,,,,,,0,0,ON,
May_23_2025_131113_2089,,N,6/4/25, 1:49:16 AM,,,,,,,,,,,,,0,0,ON,
May_23_2025_131113_2090,,N,6/4/25, 1:57:22 AM,,,,,,,,,,,,,0,0,ON,
May_23_2025_131113_2091,,N,6/4/25, 2:05:26 AM,,,,,,,,,,,,,0,0,ON,
May_23_2025_131113_2092,,N,6/4/25, 2:13:20 AM,,,,,,,,,,,,,0,0,ON,
May_23_2025_131113_2093,,N,6/4/25, 2:21:12 AM,,,,,,,,,,,,,0,0,ON,
May_23_2025_131113_2094,,N,6/4/25, 2:29:00 AM,,,,,,,,,,,,,0,0,ON,
May_23_2025_131113_2095,,N,6/4/25, 2:36:58 AM,,,,,,,,,,,,,0,0,ON,
May_23_2025_131113_2096,,N,6/4/25, 2:44:52 AM,,,,,,,,,,,,,0,0,ON,
May_23_2025_131113_2097,,N,6/4/25, 2:52:52 AM,,,,,,,,,,,,,0,0,ON,
May_23_2025_131113_2098,,N,6/4/25, 3:00:42 AM,,,,,,,,,,,,,0,0,ON,
May_23_2025_131113_2099,,N,6/4/25, 3:08:36 AM,,,,,,,,,,,,,0,0,ON,
May_23_2025_131113_2100,,N,6/4/25, 3:16:34 AM,,,,,,,,,,,,,0,0,ON,
May_23_2025_131113_2101,,N,6/4/25, 3:24:26 AM,,,,,,,,,,,,,0,0,ON,
May_23_2025_131113_2102,,N,6/4/25, 3:32:34 AM,,,,,,,,,,,,,0,0,ON,
May_23_2025_131113_2103,,N,6/4/25, 3:40:44 AM,,,,,,,,,,,,,0,0,ON,
May_23_2025_131113_2104,,N,6/4/25, 3:49:02 AM,,,,,,,,,,,,,0,0,ON,
May_23_2025_131113_2105,,N,6/4/25, 3:57:32 AM,,,,,,,,,,,,,0,0,ON,
May_23_2025_131113_2106,,N,6/4/25, 4:06:02 AM,,,,,,,,,,,,,0,0,ON,
May_23_2025_131113_2107,,N,6/4/25, 4:14:28 AM,,,,,,,,,,,,,0,0,ON,
May_23_2025_131113_2108,,N,6/4/25, 4:22:48 AM,,,,,,,,,,,,,0,0,ON,
May_23_2025_131113_2109,,N,6/4/25, 4:31:08 AM,,,,,,,,,,,,,0,0,ON,
May_23_2025_131113_2110,,N,6/4/25, 4:39:06 AM,,,,,,,,,,,,,0,0,ON,
May_23_2025_131113_2111,,N,6/4/25, 4:47:06 AM,,,,,,,,,,,,,0,0,ON,
May_23_2025_131113_2112,,N,6/4/25, 4:54:52 AM,,,,,,,,,,,,,0,0,ON,
May_23_2025_131113_2113,,N,6/4/25, 5:02:54 AM,,,,,,,,,,,,,0,0,ON,
May_23_2025_131113_2114,,N,6/4/25, 5:10:12 AM,,,,,,,,,,,,,0,0,ON,
May_23_2025_131113_2115,,N,6/4/25, 5:17:40 AM,,,,,,,,,,,,,0,0,ON,
May_23_2025_131113_2116,,N,6/4/25, 5:25:10 AM,,,,,,,,,,,,,0,0,ON,
May_23_2025_131113_2117,,N,6/4/25, 5:33:02 AM,,,,,,,,,,,,,0,0,ON,
May_23_2025_131113_2118,,N,6/4/25, 5:40:22 AM,,,,,,,,,,,,,0,0,ON,
May_23_2025_131113_2119,,N,6/4/25, 5:47:28 AM,,,,,,,,,,,,,0,0,ON,
May_23_2025_131113_2120,,N,6/4/25, 5:54:40 AM,,,,,,,,,,,,,0,0,ON,
May_23_2025_131113_2121,,N,6/4/25, 6:02:00 AM,,,,,,,,,,,,,0,0,ON,
May_23_2025_131113_2122,,N,6/4/25, 6:09:46 AM,,,,,,,,,,,,,0,0,ON,
May_23_2025_131113_2123,,N,6/4/25, 6:17:32 AM,,,,,,,,,,,,,0,0,ON,
May_23_2025_131113_2124,,N,6/4/25, 6:25:26 AM,,,,,,,,,,,,,0,0,ON,
May_23_2025_131113_2125,,N,6/4/25, 6:33:12 AM,,,,,,,,,,,,,0,0,ON,
May_23_2025_131113_2126,,N,6/4/25, 6:40:42 AM,,,,,,,,,,,,,0,0,ON,
May_23_2025_131113_2127,,N,6/4/25, 6:48:30 AM,,,,,,,,,,,,,0,0,ON,
May_23_2025_131113_2128,,N,6/4/25, 6:56:22 AM,,,,,,,,,,,,,0,0,ON,
May_23_2025_131113_2129,,N,6/4/25, 7:04:04 AM,,,,,,,,,,,,,0,0,ON,
May_23_2025_131113_2130,,N,6/4/25, 7:11:34 AM,,,,,,,,,,,,,0,0,ON,
May_23_2025_131113_2131,,N,6/4/25, 7:19:12 AM,,,,,,,,,,,,,0,0,ON,
May_23_2025_131113_2132,,N,6/4/25, 7:27:24 AM,,,,,,,,,,,,,0,0,ON,
May_23_2025_131113_2133,,N,6/4/25, 7:35:06 AM,,,,,,,,,,,,,0,0,ON,
May_23_2025_131113_2134,,N,6/4/25, 7:42:34 AM,,,,,,,,,,,,,0,0,ON,
May_23_2025_131113_2135,,N,6/4/25, 7:50:04 AM,,,,,,,,,,,,,0,0,ON,
May_23_2025_131113_2136,,N,6/4/25, 7:57:38 AM,,,,,,,,,,,,,0,0,ON,
May_23_2025_131113_2137,,N,6/4/25, 8:05:12 AM,,,,,,,,,,,,,0,0,ON,
May_23_2025_131113_2138,,N,6/4/25, 8:12:42 AM,,,,,,,,,,,,,0,0,ON,
May_23_2025_131113_2139,,N,6/4/25, 8:20:12 AM,,,,,,,,,,,,,0,0,ON,
May_23_2025_131113_2140,,N,6/4/25, 8:27:36 AM,,,,,,,,,,,,,0,0,ON,
May_23_2025_131113_2141,,N,6/4/25, 8:34:56 AM,,,,,,,,,,,,,0,0,ON,
May_23_2025_131113_2142,,N,6/4/25, 8:42:20 AM,,,,,,,,,,,,,0,0,ON,
May_23_2025_131113_2143,,N,6/4/25, 8:49:48 AM,,,,,,,,,,,,,0,0,ON,
May_23_2025_131113_2144,,N,6/4/25, 8:57:16 AM,,,,,,,,,,,,,0,0,ON,
May_23_2025_131113_2145,,N,6/4/25, 9:04:44 AM,,,,,,,,,,,,,0,0,ON,
May_23_2025_131113_2146,N,Y,6/4/25, 9:12:10 AM,16:05:33,16:05:43,,,,,,,,,,,0:00:10,10,ON,
May_23_2025_131113_2147,,N,6/4/25, 9:19:44 AM,,,,,,,,,,,,,0,0,ON,
May_23_2025_131113_2148,,N,6/4/25, 9:27:32 AM,,,,,,,,,,,,,0,0,ON,
May_23_2025_131113_2149,,N,6/4/25, 9:35:38 AM,,,,,,,,,,,,,0,0,ON,
May_23_2025_131113_2150,,N,6/4/25, 9:43:44 AM,,,,,,,,,,,,,0,0,ON,
May_23_2025_131113_2151,,N,6/4/25, 9:51:56 AM,,,,,,,,,,,,,0,0,ON,
May_23_2025_131113_2152,,N,6/4/25, 10:00:06 AM,,,,,,,,,,,,,0,0,ON,
May_23_2025_131113_2153,,N,6/4/25, 10:08:18 AM,,,,,,,,,,,,,0,0,ON,
May_23_2025_131113_2154,,N,6/4/25, 10:16:32 AM,,,,,,,,,,,,,0,0,ON,
May_23_2025_131113_2155,,N,6/4/25, 10:24:42 AM,,,,,,,,,,,,,0,0,ON,
May_23_2025_131113_2156,,N,6/4/25, 10:32:52 AM,,,,,,,,,,,,,0,0,ON,
May_23_2025_131113_2157,,N,6/4/25, 10:41:02 AM,,,,,,,,,,,,,0,0,ON,
May_23_2025_131113_2158,,N,6/4/25, 10:48:26 AM,,,,,,,,,,,,,0,0,ON,
May_23_2025_131113_2159,,N,6/4/25, 10:56:00 AM,,,,,,,,,,,,,0,0,ON,
May_23_2025_131113_2160,,N,6/4/25, 11:03:42 AM,,,,,,,,,,,,,0,0,ON,
May_23_2025_131113_2161,,N,6/4/25, 11:11:38 AM,,,,,,,,,,,,,0,0,ON,
May_23_2025_131113_2162,,N,6/4/25, 11:19:38 AM,,,,,,,,,,,,,0,0,ON,
May_23_2025_131113_2163,,N,6/4/25, 11:27:28 AM,,,,,,,,,,,,,0,0,ON,
May_23_2025_131113_2164,,N,6/4/25, 11:35:08 AM,,,,,,,,,,,,,0,0,ON,Something in the frame swimming but it is too small at 0.6 m
May_23_2025_131113_2165,,N,6/4/25, 11:42:38 AM,,,,,,,,,,,,,0,0,ON,
May_23_2025_131113_2166,Y,Y,6/4/25, 11:49:58 AM,18:46:10,18:46:26,,,,,,,,,,,0:00:16,16,ON,
May_23_2025_131113_2167,,N,6/4/25, 11:57:06 AM,,,,,,,,,,,,,0,0,ON,
May_23_2025_131113_2168,N,Y,6/4/25, 12:04:34 PM,19:01:36,19:02:06,,,,,,,,,,,0:00:30,30,ON,
May_23_2025_131113_2169,,N,6/4/25, 12:12:12 PM,,,,,,,,,,,,,0,0,ON,
May_23_2025_131113_2170,,N,6/4/25, 12:19:46 PM,,,,,,,,,,,,,0,0,ON,
May_23_2025_131113_2171,,N,6/4/25, 12:26:52 PM,,,,,,,,,,,,,0,0,ON,
May_23_2025_131113_2172,,N,6/4/25, 12:33:52 PM,,,,,,,,,,,,,0,0,ON,
May_23_2025_131113_2173,,N,6/4/25, 12:40:46 PM,,,,,,,,,,,,,0,0,ON,
May_23_2025_131113_2174,,N,6/4/25, 12:47:26 PM,,,,,,,,,,,,,0,0,ON,
May_23_2025_131113_2175,,N,6/4/25, 12:54:44 PM,,,,,,,,,,,,,0,0,ON,
May_23_2025_131113_2176,,N,6/4/25, 1:01:58 PM,,,,,,,,,,,,,0,0,ON,
May_23_2025_131113_2177,,N,6/4/25, 1:09:26 PM,,,,,,,,,,,,,0,0,ON,
May_23_2025_131113_2178,,N,6/4/25, 1:16:36 PM,,,,,,,,,,,,,0,0,ON,
May_23_2025_131113_2179,,N,6/4/25, 1:23:26 PM,,,,,,,,,,,,,0,0,ON,
May_23_2025_131113_2180,,N,6/4/25, 1:30:20 PM,,,,,,,,,,,,,0,0,ON,
May_23_2025_131113_2181,,N,6/4/25, 1:37:12 PM,,,,,,,,,,,,,0,0,ON,
May_23_2025_131113_2182,,N,6/4/25, 1:44:16 PM,,,,,,,,,,,,,0,0,ON,
May_23_2025_131113_2183,,N,6/4/25, 1:51:06 PM,,,,,,,,,,,,,0,0,ON,
May_23_2025_131113_2184,,N,6/4/25, 1:58:06 PM,,,,,,,,,,,,,0,0,ON,
May_23_2025_131113_2185,,N,6/4/25, 2:05:14 PM,,,,,,,,,,,,,0,0,ON,
May_23_2025_131113_2186,,N,6/4/25, 2:12:36 PM,,,,,,,,,,,,,0,0,ON,
May_23_2025_131113_2187,,N,6/4/25, 2:20:12 PM,,,,,,,,,,,,,0,0,ON,
May_23_2025_131113_2188,,N,6/4/25, 2:27:38 PM,,,,,,,,,,,,,0,0,ON,
May_23_2025_131113_2189,,N,6/4/25, 2:34:52 PM,,,,,,,,,,,,,0,0,ON,
May_23_2025_131113_2190,,N,6/4/25, 2:42:22 PM,,,,,,,,,,,,,0,0,ON,
May_23_2025_131113_2191,,N,6/4/25, 2:50:02 PM,,,,,,,,,,,,,0,0,ON,
May_23_2025_131113_2192,,N,6/4/25, 2:57:46 PM,,,,,,,,,,,,,0,0,ON,
May_23_2025_131113_2193,,N,6/4/25, 3:05:32 PM,,,,,,,,,,,,,0,0,ON,
May_23_2025_131113_2194,,N,6/4/25, 3:13:18 PM,,,,,,,,,,,,,0,0,ON,
May_23_2025_131113_2195,,N,6/4/25, 3:20:26 PM,,,,,,,,,,,,,0,0,ON,
May_23_2025_131113_2196,,N,6/4/25, 3:27:28 PM,,,,,,,,,,,,,0,0,ON,
May_23_2025_131113_2197,,N,6/4/25, 3:35:06 PM,,,,,,,,,,,,,0,0,ON,
May_23_2025_131113_2198,,N,6/4/25, 3:42:54 PM,,,,,,,,,,,,,0,0,ON,
May_23_2025_131113_2199,,N,6/4/25, 3:50:48 PM,,,,,,,,,,,,,0,0,ON,
May_23_2025_131113_2200,,N,6/4/25, 3:58:36 PM,,,,,,,,,,,,,0,0,ON,
May_23_2025_131113_2201,,N,6/4/25, 4:06:08 PM,,,,,,,,,,,,,0,0,ON,
May_23_2025_131113_2202,,N,6/4/25, 4:13:30 PM,,,,,,,,,,,,,0,0,ON,
May_23_2025_131113_2203,,N,6/4/25, 4:20:42 PM,,,,,,,,,,,,,0,0,ON,
May_23_2025_131113_2204,,N,6/4/25, 4:28:02 PM,,,,,,,,,,,,,0,0,ON,
May_23_2025_131113_2205,,N,6/4/25, 4:35:32 PM,,,,,,,,,,,,,0,0,ON,
May_23_2025_131113_2206,,N,6/4/25, 4:43:00 PM,,,,,,,,,,,,,0,0,ON,
May_23_2025_131113_2207,,N,6/4/25, 4:50:16 PM,,,,,,,,,,,,,0,0,ON,
May_23_2025_131113_2208,,N,6/4/25, 4:57:40 PM,,,,,,,,,,,,,0,0,ON,
May_23_2025_131113_2209,,N,6/4/25, 5:05:10 PM,,,,,,,,,,,,,0,0,ON,
May_23_2025_131113_2210,,N,6/4/25, 5:12:52 PM,,,,,,,,,,,,,0,0,ON,
May_23_2025_131113_2211,,N,6/4/25, 5:20:34 PM,,,,,,,,,,,,,0,0,ON,
May_23_2025_131113_2212,,N,6/4/25, 5:27:40 PM,,,,,,,,,,,,,0,0,ON,
May_23_2025_131113_2213,,N,6/4/25, 5:34:38 PM,,,,,,,,,,,,,0,0,ON,
May_23_2025_131113_2214,,N,6/4/25, 5:41:38 PM,,,,,,,,,,,,,0,0,ON,
May_23_2025_131113_2215,,N,6/4/25, 5:48:42 PM,,,,,,,,,,,,,0,0,ON,
May_23_2025_131113_2216,,N,6/4/25, 5:55:54 PM,,,,,,,,,,,,,0,0,ON,
May_23_2025_131113_2217,,N,6/4/25, 6:03:12 PM,,,,,,,,,,,,,0,0,ON,
May_23_2025_131113_2218,,N,6/4/25, 6:10:20 PM,,,,,,,,,,,,,0,0,ON,
May_23_2025_131113_2219,,N,6/4/25, 6:17:20 PM,,,,,,,,,,,,,0,0,ON,
May_23_2025_131113_2220,N,Y,6/4/25, 6:24:12 PM,1:22:58,1:23:05,,,,,,,,,,,0:00:07,7,ON,
May_23_2025_131113_2221,,N,6/4/25, 6:31:12 PM,,,,,,,,,,,,,0,0,ON,
May_23_2025_131113_2222,,N,6/4/25, 6:38:20 PM,,,,,,,,,,,,,0,0,ON,
May_23_2025_131113_2223,,N,6/4/25, 6:45:32 PM,,,,,,,,,,,,,0,0,ON,
May_23_2025_131113_2224,,N,6/4/25, 6:52:44 PM,,,,,,,,,,,,,0,0,ON,
May_23_2025_131113_2225,,N,6/4/25, 7:00:00 PM,,,,,,,,,,,,,0,0,ON,
May_23_2025_131113_2226,,N,6/4/25, 7:07:14 PM,,,,,,,,,,,,,0,0,ON,
May_23_2025_131113_2227,,N,6/4/25, 7:14:28 PM,,,,,,,,,,,,,0,0,ON,
May_23_2025_131113_2228,,N,6/4/25, 7:21:34 PM,,,,,,,,,,,,,0,0,ON,
May_23_2025_131113_2229,,N,6/4/25, 7:28:52 PM,,,,,,,,,,,,,0,0,ON,
May_23_2025_131113_2230,N,Y,6/4/25, 7:36:14 PM,2:34:03,2:34:36,,,,,,,,,,,0:00:33,33,ON,
May_23_2025_131113_2231,,N,6/4/25, 7:43:46 PM,,,,,,,,,,,,,0,0,ON,
May_23_2025_131113_2232,,N,6/4/25, 7:51:24 PM,,,,,,,,,,,,,0,0,ON,
May_23_2025_131113_2233,,N,6/4/25, 7:58:56 PM,,,,,,,,,,,,,0,0,ON,
May_23_2025_131113_2234,,N,6/4/25, 8:06:32 PM,,,,,,,,,,,,,0,0,ON,
May_23_2025_131113_2235,,N,6/4/25, 8:14:04 PM,,,,,,,,,,,,,0,0,ON,
May_23_2025_131113_2236,,N,6/4/25, 8:21:28 PM,,,,,,,,,,,,,0,0,ON,
May_23_2025_131113_2237,,N,6/4/25, 8:28:52 PM,,,,,,,,,,,,,0,0,ON,
May_23_2025_131113_2238,,N,6/4/25, 8:36:16 PM,,,,,,,,,,,,,0,0,ON,
May_23_2025_131113_2239,,N,6/4/25, 8:43:38 PM,,,,,,,,,,,,,0,0,ON,
May_23_2025_131113_2240,,N,6/4/25, 8:51:00 PM,,,,,,,,,,,,,0,0,ON,
May_23_2025_131113_2241,,N,6/4/25, 8:58:18 PM,,,,,,,,,,,,,0,0,ON,
May_23_2025_131113_2242,,N,6/4/25, 9:05:34 PM,,,,,,,,,,,,,0,0,ON,
May_23_2025_131113_2243,,N,6/4/25, 9:12:38 PM,,,,,,,,,,,,,0,0,ON,
May_23_2025_131113_2244,,N,6/4/25, 9:19:48 PM,,,,,,,,,,,,,0,0,ON,
May_23_2025_131113_2245,,N,6/4/25, 9:27:02 PM,,,,,,,,,,,,,0,0,ON,
May_23_2025_131113_2246,,N,6/4/25, 9:34:16 PM,,,,,,,,,,,,,0,0,ON,
May_23_2025_131113_2247,,N,6/4/25, 9:41:38 PM,,,,,,,,,,,,,0,0,ON,
May_23_2025_131113_2248,,N,6/4/25, 9:49:04 PM,,,,,,,,,,,,,0,0,ON,
May_23_2025_131113_2249,,N,6/4/25, 9:56:34 PM,,,,,,,,,,,,,0,0,ON,
May_23_2025_131113_2250,,N,6/4/25, 10:04:04 PM,,,,,,,,,,,,,0,0,ON,
May_23_2025_131113_2251,,N,6/4/25, 10:11:32 PM,,,,,,,,,,,,,0,0,ON,
May_23_2025_131113_2252,,N,6/4/25, 10:18:58 PM,,,,,,,,,,,,,0,0,ON,
May_23_2025_131113_2253,,N,6/4/25, 10:26:22 PM,,,,,,,,,,,,,0,0,ON,
May_23_2025_131113_2254,,N,6/4/25, 10:33:44 PM,,,,,,,,,,,,,0,0,ON,
May_23_2025_131113_2255,,N,6/4/25, 10:41:16 PM,,,,,,,,,,,,,0,0,ON,
May_23_2025_131113_2256,,N,6/4/25, 10:48:52 PM,,,,,,,,,,,,,0,0,ON,
May_23_2025_131113_2257,,N,6/4/25, 10:56:38 PM,,,,,,,,,,,,,0,0,ON,
May_23_2025_131113_2258,,N,6/4/25, 11:04:30 PM,,,,,,,,,,,,,0,0,ON,
May_23_2025_131113_2259,,N,6/4/25, 11:12:14 PM,,,,,,,,,,,,,0,0,ON,
May_23_2025_131113_2260,,N,6/4/25, 11:19:34 PM,,,,,,,,,,,,,0,0,ON,
May_23_2025_131113_2261,,N,6/4/25, 11:26:58 PM,,,,,,,,,,,,,0,0,ON,
May_23_2025_131113_2262,,N,6/4/25, 11:34:24 PM,,,,,,,,,,,,,0,0,ON,
May_23_2025_131113_2263,,N,6/4/25, 11:41:56 PM,,,,,,,,,,,,,0,0,ON,
May_23_2025_131113_2264,,N,6/4/25, 11:49:38 PM,,,,,,,,,,,,,0,0,ON,
May_23_2025_131113_2265,N,Y,6/4/25, 11:57:28 PM,6:54:21,6:54:29,,,,,,,,,,,0:00:08,8,ON,
May_23_2025_131113_2266,,N,6/5/25, 12:05:16 AM,,,,,,,,,,,,,0,0,OFF,
May_23_2025_131113_2267,,N,6/5/25, 12:13:14 AM,,,,,,,,,,,,,0,0,OFF,
May_23_2025_131113_2268,,N,6/5/25, 12:21:26 AM,,,,,,,,,,,,,0,0,OFF,
May_23_2025_131113_2269,,N,6/5/25, 12:29:40 AM,,,,,,,,,,,,,0,0,OFF,
May_23_2025_131113_2270,,N,6/5/25, 12:37:28 AM,,,,,,,,,,,,,0,0,OFF,
May_23_2025_131113_2271,,N,6/5/25, 12:45:08 AM,,,,,,,,,,,,,0,0,OFF,
May_23_2025_131113_2272,,N,6/5/25, 12:52:48 AM,,,,,,,,,,,,,0,0,OFF,
May_23_2025_131113_2273,,N,6/5/25, 1:00:28 AM,,,,,,,,,,,,,0,0,OFF,
May_23_2025_131113_2274,,N,6/5/25, 1:08:00 AM,,,,,,,,,,,,,0,0,OFF,
May_23_2025_131113_2275,,N,6/5/25, 1:15:38 AM,,,,,,,,,,,,,0,0,OFF,
May_23_2025_131113_2276,N,Y,6/5/25, 1:23:18 AM,8:15:42,8:15:51,,,,,,,,,,,0:00:09,9,OFF,
May_23_2025_131113_2277,,N,6/5/25, 1:30:58 AM,,,,,,,,,,,,,0,0,OFF,
May_23_2025_131113_2278,,N,6/5/25, 1:38:46 AM,,,,,,,,,,,,,0,0,OFF,
May_23_2025_131113_2279,,N,6/5/25, 1:46:32 AM,,,,,,,,,,,,,0,0,OFF,
May_23_2025_131113_2280,,N,6/5/25, 1:54:20 AM,,,,,,,,,,,,,0,0,OFF,
May_23_2025_131113_2281,,N,6/5/25, 2:01:56 AM,,,,,,,,,,,,,0,0,OFF,
May_23_2025_131113_2282,,N,6/5/25, 2:09:30 AM,,,,,,,,,,,,,0,0,OFF,
May_23_2025_131113_2283,,N,6/5/25, 2:17:08 AM,,,,,,,,,,,,,0,0,OFF,
May_23_2025_131113_2284,,N,6/5/25, 2:24:48 AM,,,,,,,,,,,,,0,0,OFF,
May_23_2025_131113_2285,,N,6/5/25, 2:32:26 AM,,,,,,,,,,,,,0,0,OFF,
May_23_2025_131113_2286,,N,6/5/25, 2:40:00 AM,,,,,,,,,,,,,0,0,OFF,
May_23_2025_131113_2287,,N,6/5/25, 2:47:28 AM,,,,,,,,,,,,,0,0,OFF,
May_23_2025_131113_2288,,N,6/5/25, 2:54:58 AM,,,,,,,,,,,,,0,0,OFF,
May_23_2025_131113_2289,Y,Y,6/5/25, 3:02:26 AM,9:55:10,9:55:30,,,,,,,,,,,0:00:20,20,OFF,
May_23_2025_131113_2290,,N,6/5/25, 3:09:54 AM,,,,,,,,,,,,,0,0,OFF,
May_23_2025_131113_2291,,N,6/5/25, 3:17:28 AM,,,,,,,,,,,,,0,0,OFF,
May_23_2025_131113_2292,,N,6/5/25, 3:25:10 AM,,,,,,,,,,,,,0,0,OFF,
May_23_2025_131113_2293,,N,6/5/25, 3:32:58 AM,,,,,,,,,,,,,0,0,OFF,
May_23_2025_131113_2294,,N,6/5/25, 3:40:52 AM,,,,,,,,,,,,,0,0,OFF,
May_23_2025_131113_2295,,N,6/5/25, 3:48:40 AM,,,,,,,,,,,,,0,0,OFF,
May_23_2025_131113_2296,,N,6/5/25, 3:56:10 AM,,,,,,,,,,,,,0,0,OFF,
May_23_2025_131113_2297,N,Y,6/5/25, 4:03:44 AM,11:00:17,11:00:20,11:00:17,11:00:21,,,,,,,,,0:00:07,7,OFF,
May_23_2025_131113_2298,,N,6/5/25, 4:11:24 AM,,,,,,,,,,,,,0,0,OFF,
May_23_2025_131113_2299,,N,6/5/25, 4:19:00 AM,,,,,,,,,,,,,0,0,OFF,
May_23_2025_131113_2300,,N,6/5/25, 4:26:24 AM,,,,,,,,,,,,,0,0,OFF,
May_23_2025_131113_2301,,N,6/5/25, 4:33:34 AM,,,,,,,,,,,,,0,0,OFF,
May_23_2025_131113_2302,N,Y,6/5/25, 4:40:56 AM,11:38:00,11:38:12,,,,,,,,,,,0:00:12,12,OFF,
May_23_2025_131113_2303,,N,6/5/25, 4:48:24 AM,,,,,,,,,,,,,0,0,OFF,
May_23_2025_131113_2304,N,Y,6/5/25, 4:56:02 AM,11:52:39,11:52:53,,,,,,,,,,,0:00:14,14,OFF,
May_23_2025_131113_2305,N,Y,6/5/25, 5:03:42 AM,11:56:16,11:56:21,12:01:22,12:01:27,,,,,,,,,0:00:10,10,OFF,
May_23_2025_131113_2306,N,Y,6/5/25, 5:11:28 AM,12:05:29,12:05:34,,,,,,,,,,,0:00:05,5,OFF,
May_23_2025_131113_2307,,N,6/5/25, 5:19:16 AM,,,,,,,,,,,,,0,0,OFF,
May_23_2025_131113_2308,,N,6/5/25, 5:27:04 AM,,,,,,,,,,,,,0,0,OFF,
May_23_2025_131113_2309,,N,6/5/25, 5:34:50 AM,,,,,,,,,,,,,0,0,OFF,
May_23_2025_131113_2310,,N,6/5/25, 5:42:42 AM,,,,,,,,,,,,,0,0,OFF,
May_23_2025_131113_2311,,N,6/5/25, 5:50:32 AM,,,,,,,,,,,,,0,0,OFF,
May_23_2025_131113_2312,,N,6/5/25, 5:58:04 AM,,,,,,,,,,,,,0,0,OFF,
May_23_2025_131113_2313,,N,6/5/25, 6:05:44 AM,,,,,,,,,,,,,0,0,OFF,
May_23_2025_131113_2314,,N,6/5/25, 6:13:22 AM,,,,,,,,,,,,,0,0,OFF,
May_23_2025_131113_2315,,N,6/5/25, 6:21:06 AM,,,,,,,,,,,,,0,0,OFF,
May_23_2025_131113_2316,,N,6/5/25, 6:28:44 AM,,,,,,,,,,,,,0,0,OFF,
May_23_2025_131113_2317,,N,6/5/25, 6:36:32 AM,,,,,,,,,,,,,0,0,OFF,
May_23_2025_131113_2318,,N,6/5/25, 6:44:24 AM,,,,,,,,,,,,,0,0,OFF,
May_23_2025_131113_2319,,N,6/5/25, 6:52:28 AM,,,,,,,,,,,,,0,0,OFF,
May_23_2025_131113_2320,,N,6/5/25, 7:00:34 AM,,,,,,,,,,,,,0,0,OFF,
May_23_2025_131113_2321,,N,6/5/25, 7:08:42 AM,,,,,,,,,,,,,0,0,OFF,
May_23_2025_131113_2322,,N,6/5/25, 7:16:50 AM,,,,,,,,,,,,,0,0,OFF,
May_23_2025_131113_2323,,N,6/5/25, 7:24:56 AM,,,,,,,,,,,,,0,0,OFF,
May_23_2025_131113_2324,,N,6/5/25, 7:33:04 AM,,,,,,,,,,,,,0,0,OFF,
May_23_2025_131113_2325,,N,6/5/25, 7:41:10 AM,,,,,,,,,,,,,0,0,OFF,
May_23_2025_131113_2326,,N,6/5/25, 7:49:32 AM,,,,,,,,,,,,,0,0,OFF,
May_23_2025_131113_2327,,N,6/5/25, 7:57:58 AM,,,,,,,,,,,,,0,0,OFF,
May_23_2025_131113_2328,,N,6/5/25, 8:06:20 AM,,,,,,,,,,,,,0,0,OFF,
May_23_2025_131113_2329,Y,Y,6/5/25, 8:14:40 AM,15:10:47,15:10:54,,,,,,,,,,,0:00:07,7,OFF,
May_23_2025_131113_2330,,N,6/5/25, 8:22:54 AM,,,,,,,,,,,,,0,0,OFF,
May_23_2025_131113_2331,,N,6/5/25, 8:31:10 AM,,,,,,,,,,,,,0,0,OFF,
May_23_2025_131113_2332,,N,6/5/25, 8:39:28 AM,,,,,,,,,,,,,0,0,OFF,
May_23_2025_131113_2333,,N,6/5/25, 8:47:36 AM,,,,,,,,,,,,,0,0,OFF,
May_23_2025_131113_2334,,N,6/5/25, 8:55:42 AM,,,,,,,,,,,,,0,0,OFF,
May_23_2025_131113_2335,,N,6/5/25, 9:03:44 AM,,,,,,,,,,,,,0,0,OFF,
May_23_2025_131113_2336,N,Y,6/5/25, 9:11:34 AM,16:09:16,16:09:25,,,,,,,,,,,0:00:09,9,OFF,
May_23_2025_131113_2337,,N,6/5/25, 9:19:28 AM,,,,,,,,,,,,,0,0,OFF,
May_23_2025_131113_2338,,N,6/5/25, 9:27:22 AM,,,,,,,,,,,,,0,0,OFF,
May_23_2025_131113_2339,,N,6/5/25, 9:35:18 AM,,,,,,,,,,,,,0,0,OFF,
May_23_2025_131113_2340,N,Y,6/5/25, 9:43:04 AM,16:39:33,16:39:43,,,,,,,,,,,0:00:10,10,OFF,
May_23_2025_131113_2341,,N,6/5/25, 9:50:24 AM,,,,,,,,,,,,,0,0,OFF,
May_23_2025_131113_2342,,N,6/5/25, 9:57:24 AM,,,,,,,,,,,,,0,0,OFF,
May_23_2025_131113_2343,,N,6/5/25, 10:04:22 AM,,,,,,,,,,,,,0,0,OFF,
May_23_2025_131113_2344,,N,6/5/25, 10:11:20 AM,,,,,,,,,,,,,0,0,OFF,
May_23_2025_131113_2345,,N,6/5/25, 10:18:32 AM,,,,,,,,,,,,,0,0,OFF,
May_23_2025_131113_2346,,N,6/5/25, 10:26:04 AM,,,,,,,,,,,,,0,0,OFF,
May_23_2025_131113_2347,,N,6/5/25, 10:34:00 AM,,,,,,,,,,,,,0,0,OFF,
May_23_2025_131113_2348,,N,6/5/25, 10:42:02 AM,,,,,,,,,,,,,0,0,OFF,
May_23_2025_131113_2349,,N,6/5/25, 10:50:06 AM,,,,,,,,,,,,,0,0,OFF,
May_23_2025_131113_2350,,N,6/5/25, 10:58:14 AM,,,,,,,,,,,,,0,0,OFF,
May_23_2025_131113_2351,,N,6/5/25, 11:06:20 AM,,,,,,,,,,,,,0,0,OFF,
May_23_2025_131113_2352,,N,6/5/25, 11:14:14 AM,,,,,,,,,,,,,0,0,OFF,
May_23_2025_131113_2353,,N,6/5/25, 11:22:14 AM,,,,,,,,,,,,,0,0,OFF,
May_23_2025_131113_2354,,N,6/5/25, 11:30:26 AM,,,,,,,,,,,,,0,0,OFF,
May_23_2025_131113_2355,,N,6/5/25, 11:38:52 AM,,,,,,,,,,,,,0,0,OFF,
May_23_2025_131113_2356,,N,6/5/25, 11:47:14 AM,,,,,,,,,,,,,0,0,OFF,
May_23_2025_131113_2357,,N,6/5/25, 11:55:14 AM,,,,,,,,,,,,,0,0,OFF,
May_23_2025_131113_2358,,N,6/5/25, 12:03:20 PM,,,,,,,,,,,,,0,0,OFF,
May_23_2025_131113_2359,,N,6/5/25, 12:11:22 PM,,,,,,,,,,,,,0,0,OFF,
May_23_2025_131113_2360,,N,6/5/25, 12:19:26 PM,,,,,,,,,,,,,0,0,OFF,
May_23_2025_131113_2361,,N,6/5/25, 12:27:28 PM,,,,,,,,,,,,,0,0,OFF,
May_23_2025_131113_2362,,N,6/5/25, 12:35:18 PM,,,,,,,,,,,,,0,0,OFF,
May_23_2025_131113_2363,,N,6/5/25, 12:43:10 PM,,,,,,,,,,,,,0,0,OFF,
May_23_2025_131113_2364,,N,6/5/25, 12:50:46 PM,,,,,,,,,,,,,0,0,OFF,
May_23_2025_131113_2365,,N,6/5/25, 12:58:34 PM,,,,,,,,,,,,,0,0,OFF,
May_23_2025_131113_2366,,N,6/5/25, 1:06:26 PM,,,,,,,,,,,,,0,0,OFF,
May_23_2025_131113_2367,,N,6/5/25, 1:14:18 PM,,,,,,,,,,,,,0,0,OFF,
May_23_2025_131113_2368,,N,6/5/25, 1:22:18 PM,,,,,,,,,,,,,0,0,OFF,
May_23_2025_131113_2369,,N,6/5/25, 1:30:10 PM,,,,,,,,,,,,,0,0,OFF,
May_23_2025_131113_2370,,N,6/5/25, 1:38:06 PM,,,,,,,,,,,,,0,0,OFF,
May_23_2025_131113_2371,,N,6/5/25, 1:46:08 PM,,,,,,,,,,,,,0,0,OFF,
May_23_2025_131113_2372,,N,6/5/25, 1:54:12 PM,,,,,,,,,,,,,0,0,OFF,
May_23_2025_131113_2373,,N,6/5/25, 2:02:14 PM,,,,,,,,,,,,,0,0,OFF,
May_23_2025_131113_2374,,N,6/5/25, 2:10:06 PM,,,,,,,,,,,,,0,0,OFF,
May_23_2025_131113_2375,,N,6/5/25, 2:18:04 PM,,,,,,,,,,,,,0,0,OFF,
May_23_2025_131113_2376,,N,6/5/25, 2:26:14 PM,,,,,,,,,,,,,0,0,OFF,
May_23_2025_131113_2377,,N,6/5/25, 2:34:24 PM,,,,,,,,,,,,,0,0,OFF,
May_23_2025_131113_2378,,N,6/5/25, 2:42:30 PM,,,,,,,,,,,,,0,0,OFF,
May_23_2025_131113_2379,,N,6/5/25, 2:50:48 PM,,,,,,,,,,,,,0,0,OFF,
May_23_2025_131113_2380,,N,6/5/25, 2:59:06 PM,,,,,,,,,,,,,0,0,OFF,
May_23_2025_131113_2381,,Y,6/5/25, 3:07:22 PM,22:01:37,22:03:39,,,,,,,,,,,0:02:02,122,OFF,This one was tough but I think it was too small and dodn't have any movement that looked like a seal
May_23_2025_131113_2382,N,Y,6/5/25, 3:15:38 PM,22:07:22,22:08:47,,,,,,,,,,,0:01:25,85,OFF,
May_23_2025_131113_2383,,N,6/5/25, 3:23:58 PM,,,,,,,,,,,,,0,0,OFF,
May_23_2025_131113_2384,,N,6/5/25, 3:32:20 PM,,,,,,,,,,,,,0,0,OFF,
May_23_2025_131113_2385,N,Y,6/5/25, 3:40:48 PM,22:33:52,22:34:58,,,,,,,,,,,0:01:06,66,OFF,
May_23_2025_131113_2386,,N,6/5/25, 3:49:14 PM,,,,,,,,,,,,,0,0,OFF,
May_23_2025_131113_2387,,N,6/5/25, 3:57:46 PM,,,,,,,,,,,,,0,0,OFF,
May_23_2025_131113_2388,,N,6/5/25, 4:06:06 PM,,,,,,,,,,,,,0,0,OFF,
May_23_2025_131113_2389,,N,6/5/25, 4:14:34 PM,,,,,,,,,,,,,0,0,OFF,
May_23_2025_131113_2390,,N,6/5/25, 4:23:02 PM,,,,,,,,,,,,,0,0,OFF,
May_23_2025_131113_2391,N,Y,6/5/25, 4:31:44 PM,23:25:57,23:26:31,,,,,,,,,,,0:00:34,34,OFF,
May_23_2025_131113_2392,,N,6/5/25, 4:40:02 PM,,,,,,,,,,,,,0,0,OFF,
May_23_2025_131113_2393,,N,6/5/25, 4:48:28 PM,,,,,,,,,,,,,0,0,OFF,
May_23_2025_131113_2394,N,Y,6/5/25, 4:56:58 PM,23:48:39,23:48:47,,,,,,,,,,,0:00:08,8,OFF,
May_23_2025_131113_2395,,N,6/5/25, 5:05:24 PM,,,,,,,,,,,,,0,0,OFF,
May_23_2025_131113_2396,,N,6/5/25, 5:13:40 PM,,,,,,,,,,,,,0,0,OFF,
May_23_2025_131113_2397,,N,6/5/25, 5:21:52 PM,,,,,,,,,,,,,0,0,OFF,
May_23_2025_131113_2398,,N,6/5/25, 5:30:08 PM,,,,,,,,,,,,,0,0,OFF,
May_23_2025_131113_2399,,N,6/5/25, 5:38:26 PM,,,,,,,,,,,,,0,0,OFF,
May_23_2025_131113_2400,,N,6/5/25, 5:46:56 PM,,,,,,,,,,,,,0,0,OFF,
May_23_2025_131113_2401,,N,6/5/25, 5:55:30 PM,,,,,,,,,,,,,0,0,OFF,
May_23_2025_131113_2402,,N,6/5/25, 6:03:46 PM,,,,,,,,,,,,,0,0,OFF,
May_23_2025_131113_2403,,N,6/5/25, 6:11:54 PM,,,,,,,,,,,,,0,0,OFF,
May_23_2025_131113_2404,,N,6/5/25, 6:20:06 PM,,,,,,,,,,,,,0,0,OFF,
May_23_2025_131113_2405,,N,6/5/25, 6:28:12 PM,,,,,,,,,,,,,0,0,OFF,
May_23_2025_131113_2406,N,Y,6/5/25, 6:36:26 PM,1:30:14,1:30:36,,,,,,,,,,,0:00:22,22,OFF,
May_23_2025_131113_2407,,N,6/5/25, 6:44:36 PM,,,,,,,,,,,,,0,0,OFF,
May_23_2025_131113_2408,,N,6/5/25, 6:53:00 PM,,,,,,,,,,,,,0,0,OFF,
May_23_2025_131113_2409,,N,6/5/25, 7:01:28 PM,,,,,,,,,,,,,0,0,OFF,
May_23_2025_131113_2410,,N,6/5/25, 7:10:00 PM,,,,,,,,,,,,,0,0,OFF,
May_23_2025_131113_2411,,N,6/5/25, 7:18:42 PM,,,,,,,,,,,,,0,0,OFF,
May_23_2025_131113_2412,,N,6/5/25, 7:27:18 PM,,,,,,,,,,,,,0,0,OFF,
May_23_2025_131113_2413,,N,6/5/25, 7:35:50 PM,,,,,,,,,,,,,0,0,OFF,
May_23_2025_131113_2414,N,Y,6/5/25, 7:44:24 PM,2:39:30,2:39:40,,,,,,,,,,,0:00:10,10,OFF,A lot of bird activity in the last few files
May_23_2025_131113_2415,,N,6/5/25, 7:52:58 PM,,,,,,,,,,,,,0,0,OFF,
May_23_2025_131113_2416,,N,6/5/25, 8:01:18 PM,,,,,,,,,,,,,0,0,OFF,
May_23_2025_131113_2417,,N,6/5/25, 8:09:32 PM,,,,,,,,,,,,,0,0,OFF,
May_23_2025_131113_2418,,N,6/5/25, 8:17:44 PM,,,,,,,,,,,,,0,0,OFF,
May_23_2025_131113_2419,,N,6/5/25, 8:26:06 PM,,,,,,,,,,,,,0,0,OFF,
May_23_2025_131113_2420,,N,6/5/25, 8:34:32 PM,,,,,,,,,,,,,0,0,OFF,
May_23_2025_131113_2421,,N,6/5/25, 8:42:52 PM,,,,,,,,,,,,,0,0,OFF,
May_23_2025_131113_2422,,N,6/5/25, 8:51:16 PM,,,,,,,,,,,,,0,0,OFF,
May_23_2025_131113_2423,,N,6/5/25, 8:59:38 PM,,,,,,,,,,,,,0,0,OFF,
May_23_2025_131113_2424,,N,6/5/25, 9:08:04 PM,,,,,,,,,,,,,0,0,OFF,
May_23_2025_131113_2425,,N,6/5/25, 9:16:26 PM,,,,,,,,,,,,,0,0,OFF,
May_23_2025_131113_2426,,N,6/5/25, 9:24:42 PM,,,,,,,,,,,,,0,0,OFF,
May_23_2025_131113_2427,,N,6/5/25, 9:32:58 PM,,,,,,,,,,,,,0,0,OFF,
May_23_2025_131113_2428,,N,6/5/25, 9:41:22 PM,,,,,,,,,,,,,0,0,OFF,
May_23_2025_131113_2429,,N,6/5/25, 9:49:46 PM,,,,,,,,,,,,,0,0,OFF,
May_23_2025_131113_2430,,N,6/5/25, 9:58:04 PM,,,,,,,,,,,,,0,0,OFF,
May_23_2025_131113_2431,,N,6/5/25, 10:06:06 PM,,,,,,,,,,,,,0,0,OFF,
May_23_2025_131113_2432,,N,6/5/25, 10:14:02 PM,,,,,,,,,,,,,0,0,OFF,
May_23_2025_131113_2433,,N,6/5/25, 10:22:02 PM,,,,,,,,,,,,,0,0,OFF,
May_23_2025_131113_2434,,N,6/5/25, 10:29:58 PM,,,,,,,,,,,,,0,0,OFF,
May_23_2025_131113_2435,,N,6/5/25, 10:37:58 PM,,,,,,,,,,,,,0,0,OFF,
May_23_2025_131113_2436,,N,6/5/25, 10:45:58 PM,,,,,,,,,,,,,0,0,OFF,
May_23_2025_131113_2437,,N,6/5/25, 10:54:04 PM,,,,,,,,,,,,,0,0,OFF,
May_23_2025_131113_2438,,N,6/5/25, 11:02:14 PM,,,,,,,,,,,,,0,0,OFF,
May_23_2025_131113_2439,,N,6/5/25, 11:10:22 PM,,,,,,,,,,,,,0,0,OFF,
May_23_2025_131113_2440,N,Y,6/5/25, 11:18:24 PM,6:10:26,6:10:40,6:17:02,6:17:08,,,,,,,,,0:00:20,20,OFF,
May_23_2025_131113_2441,,N,6/5/25, 11:26:14 PM,,,,,,,,,,,,,0,0,OFF,
May_23_2025_131113_2442,,N,6/5/25, 11:34:00 PM,,,,,,,,,,,,,0,0,OFF,
May_23_2025_131113_2443,,N,6/5/25, 11:41:52 PM,,,,,,,,,,,,,0,0,OFF,
May_23_2025_131113_2444,,N,6/5/25, 11:49:54 PM,,,,,,,,,,,,,0,0,OFF,
May_23_2025_131113_2445,,N,6/5/25, 11:58:06 PM,,,,,,,,,,,,,0,0,OFF,
May_23_2025_131113_2446,,N,6/6/25, 12:06:28 AM,,,,,,,,,,,,,0,0,ON,
May_23_2025_131113_2447,,N,6/6/25, 12:14:54 AM,,,,,,,,,,,,,0,0,ON,
May_23_2025_131113_2448,,N,6/6/25, 12:23:20 AM,,,,,,,,,,,,,0,0,ON,
May_23_2025_131113_2449,,N,6/6/25, 12:31:44 AM,,,,,,,,,,,,,0,0,ON,
May_23_2025_131113_2450,,N,6/6/25, 12:39:52 AM,,,,,,,,,,,,,0,0,ON,
May_23_2025_131113_2451,,N,6/6/25, 12:47:58 AM,,,,,,,,,,,,,0,0,ON,
May_23_2025_131113_2452,,N,6/6/25, 12:56:18 AM,,,,,,,,,,,,,0,0,ON,
May_23_2025_131113_2453,,N,6/6/25, 1:04:36 AM,,,,,,,,,,,,,0,0,ON,
May_23_2025_131113_2454,,N,6/6/25, 1:13:02 AM,,,,,,,,,,,,,0,0,ON,
May_23_2025_131113_2455,,N,6/6/25, 1:21:38 AM,,,,,,,,,,,,,0,0,ON,
May_23_2025_131113_2456,,N,6/6/25, 1:30:16 AM,,,,,,,,,,,,,0,0,ON,
May_23_2025_131113_2457,,N,6/6/25, 1:38:26 AM,,,,,,,,,,,,,0,0,ON,
May_23_2025_131113_2458,,N,6/6/25, 1:46:18 AM,,,,,,,,,,,,,0,0,ON,
May_23_2025_131113_2459,,N,6/6/25, 1:54:16 AM,,,,,,,,,,,,,0,0,ON,
May_23_2025_131113_2460,,N,6/6/25, 2:02:14 AM,,,,,,,,,,,,,0,0,ON,
May_23_2025_131113_2461,N,Y,6/6/25, 2:10:14 AM,9:07:11,9:07:39,,,,,,,,,,,0:00:28,28,ON,
May_23_2025_131113_2462,,N,6/6/25, 2:18:10 AM,,,,,,,,,,,,,0,0,ON,
May_23_2025_131113_2463,,N,6/6/25, 2:26:16 AM,,,,,,,,,,,,,0,0,ON,
May_23_2025_131113_2464,,N,6/6/25, 2:34:26 AM,,,,,,,,,,,,,0,0,ON,
May_23_2025_131113_2465,,N,6/6/25, 2:42:54 AM,,,,,,,,,,,,,0,0,ON,
May_23_2025_131113_2466,,N,6/6/25, 2:51:30 AM,,,,,,,,,,,,,0,0,ON,
May_23_2025_131113_2467,,N,6/6/25, 2:59:50 AM,,,,,,,,,,,,,0,0,ON,
May_23_2025_131113_2468,,N,6/6/25, 3:07:44 AM,,,,,,,,,,,,,0,0,ON,
May_23_2025_131113_2469,,N,6/6/25, 3:15:32 AM,,,,,,,,,,,,,0,0,ON,
May_23_2025_131113_2470,,N,6/6/25, 3:23:30 AM,,,,,,,,,,,,,0,0,ON,
May_23_2025_131113_2471,N,Y,6/6/25, 3:31:22 AM,10:23:51,10:24:21,,,,,,,,,,,0:00:30,30,ON,
May_23_2025_131113_2472,,N,6/6/25, 3:39:20 AM,,,,,,,,,,,,,0,0,ON,
May_23_2025_131113_2473,,N,6/6/25, 3:47:12 AM,,,,,,,,,,,,,0,0,ON,
May_23_2025_131113_2474,Y,Y,6/6/25, 3:55:00 AM,10:48:54,10:49:12,,,,,,,,,,,0:00:18,18,ON,
May_23_2025_131113_2475,,N,6/6/25, 4:03:02 AM,,,,,,,,,,,,,0,0,ON,
May_23_2025_131113_2476,,N,6/6/25, 4:11:12 AM,,,,,,,,,,,,,0,0,ON,
May_23_2025_131113_2477,,N,6/6/25, 4:19:28 AM,,,,,,,,,,,,,0,0,ON,
May_23_2025_131113_2478,,N,6/6/25, 4:27:30 AM,,,,,,,,,,,,,0,0,ON,
May_23_2025_131113_2479,,N,6/6/25, 4:35:30 AM,,,,,,,,,,,,,0,0,ON,
May_23_2025_131113_2480,,N,6/6/25, 4:43:30 AM,,,,,,,,,,,,,0,0,ON,
May_23_2025_131113_2481,,N,6/6/25, 4:51:28 AM,,,,,,,,,,,,,0,0,ON,
May_23_2025_131113_2482,,N,6/6/25, 4:59:32 AM,,,,,,,,,,,,,0,0,ON,
May_23_2025_131113_2483,,N,6/6/25, 5:07:26 AM,,,,,,,,,,,,,0,0,ON,
May_23_2025_131113_2484,,N,6/6/25, 5:14:56 AM,,,,,,,,,,,,,0,0,ON,
May_23_2025_131113_2485,,N,6/6/25, 5:22:18 AM,,,,,,,,,,,,,0,0,ON,
May_23_2025_131113_2486,,N,6/6/25, 5:29:48 AM,,,,,,,,,,,,,0,0,ON,
May_23_2025_131113_2487,,N,6/6/25, 5:37:16 AM,,,,,,,,,,,,,0,0,ON,
May_23_2025_131113_2488,,N,6/6/25, 5:44:46 AM,,,,,,,,,,,,,0,0,ON,
May_23_2025_131113_2489,,N,6/6/25, 5:52:10 AM,,,,,,,,,,,,,0,0,ON,
May_23_2025_131113_2490,,N,6/6/25, 5:59:38 AM,,,,,,,,,,,,,0,0,ON,
May_23_2025_131113_2491,,N,6/6/25, 6:06:54 AM,,,,,,,,,,,,,0,0,ON,
May_23_2025_131113_2492,,N,6/6/25, 6:14:30 AM,,,,,,,,,,,,,0,0,ON,
May_23_2025_131113_2493,,N,6/6/25, 6:22:10 AM,,,,,,,,,,,,,0,0,ON,
May_23_2025_131113_2494,,N,6/6/25, 6:29:44 AM,,,,,,,,,,,,,0,0,ON,
May_23_2025_131113_2495,,N,6/6/25, 6:37:04 AM,,,,,,,,,,,,,0,0,ON,
May_23_2025_131113_2496,,N,6/6/25, 6:44:26 AM,,,,,,,,,,,,,0,0,ON,
May_23_2025_131113_2497,,N,6/6/25, 6:52:02 AM,,,,,,,,,,,,,0,0,ON,
May_23_2025_131113_2498,,N,6/6/25, 6:59:56 AM,,,,,,,,,,,,,0,0,ON,
May_23_2025_131113_2499,,N,6/6/25, 7:07:44 AM,,,,,,,,,,,,,0,0,ON,
May_23_2025_131113_2500,,N,6/6/25, 7:15:26 AM,,,,,,,,,,,,,0,0,ON,
May_23_2025_131113_2501,,N,6/6/25, 7:23:16 AM,,,,,,,,,,,,,0,0,ON,
May_23_2025_131113_2502,,N,6/6/25, 7:30:58 AM,,,,,,,,,,,,,0,0,ON,
May_23_2025_131113_2503,,N,6/6/25, 7:38:54 AM,,,,,,,,,,,,,0,0,ON,
May_23_2025_131113_2504,,N,6/6/25, 7:47:02 AM,,,,,,,,,,,,,0,0,ON,
May_23_2025_131113_2505,,N,6/6/25, 7:55:38 AM,,,,,,,,,,,,,0,0,ON,
May_23_2025_131113_2506,,N,6/6/25, 8:04:06 AM,,,,,,,,,,,,,0,0,ON,
May_23_2025_131113_2507,,N,6/6/25, 8:12:36 AM,,,,,,,,,,,,,0,0,ON,
May_23_2025_131113_2508,N,Y,6/6/25, 8:21:06 AM,15:17:33,15:18:00,15:18:17,15:18:35,,,,,,,,,0:00:45,45,ON,
May_23_2025_131113_2509,,N,6/6/25, 8:29:40 AM,,,,,,,,,,,,,0,0,ON,
May_23_2025_131113_2510,,N,6/6/25, 8:38:12 AM,,,,,,,,,,,,,0,0,ON,
May_23_2025_131113_2511,,N,6/6/25, 8:46:36 AM,,,,,,,,,,,,,0,0,ON,
May_23_2025_131113_2512,,N,6/6/25, 8:54:52 AM,,,,,,,,,,,,,0,0,ON,
May_23_2025_131113_2513,,N,6/6/25, 9:02:50 AM,,,,,,,,,,,,,0,0,ON,
May_23_2025_131113_2514,,N,6/6/25, 9:10:40 AM,,,,,,,,,,,,,0,0,ON,
May_23_2025_131113_2515,,N,6/6/25, 9:18:28 AM,,,,,,,,,,,,,0,0,ON,
May_23_2025_131113_2516,,N,6/6/25, 9:26:20 AM,,,,,,,,,,,,,0,0,ON,
May_23_2025_131113_2517,,N,6/6/25, 9:34:04 AM,,,,,,,,,,,,,0,0,ON,
May_23_2025_131113_2518,,N,6/6/25, 9:41:46 AM,,,,,,,,,,,,,0,0,ON,
May_23_2025_131113_2519,,N,6/6/25, 9:49:28 AM,,,,,,,,,,,,,0,0,ON,
May_23_2025_131113_2520,,N,6/6/25, 9:57:14 AM,,,,,,,,,,,,,0,0,ON,
May_23_2025_131113_2521,,N,6/6/25, 10:05:00 AM,,,,,,,,,,,,,0,0,ON,
May_23_2025_131113_2522,,N,6/6/25, 10:12:42 AM,,,,,,,,,,,,,0,0,ON,
May_23_2025_131113_2523,,N,6/6/25, 10:20:14 AM,,,,,,,,,,,,,0,0,ON,
May_23_2025_131113_2524,,N,6/6/25, 10:27:36 AM,,,,,,,,,,,,,0,0,ON,
May_23_2025_131113_2525,,N,6/6/25, 10:34:56 AM,,,,,,,,,,,,,0,0,ON,
May_23_2025_131113_2526,,N,6/6/25, 10:42:20 AM,,,,,,,,,,,,,0,0,ON,
May_23_2025_131113_2527,,N,6/6/25, 10:49:44 AM,,,,,,,,,,,,,0,0,ON,
May_23_2025_131113_2528,,N,6/6/25, 10:57:12 AM,,,,,,,,,,,,,0,0,ON,
May_23_2025_131113_2529,,N,6/6/25, 11:04:40 AM,,,,,,,,,,,,,0,0,ON,
May_23_2025_131113_2530,,N,6/6/25, 11:12:00 AM,,,,,,,,,,,,,0,0,ON,
May_23_2025_131113_2531,,N,6/6/25, 11:19:04 AM,,,,,,,,,,,,,0,0,ON,
May_23_2025_131113_2532,,N,6/6/25, 11:26:14 AM,,,,,,,,,,,,,0,0,ON,
May_23_2025_131113_2533,,N,6/6/25, 11:33:34 AM,,,,,,,,,,,,,0,0,ON,
May_23_2025_131113_2534,,N,6/6/25, 11:40:52 AM,,,,,,,,,,,,,0,0,ON,
May_23_2025_131113_2535,,N,6/6/25, 11:48:26 AM,,,,,,,,,,,,,0,0,ON,
May_23_2025_131113_2536,,N,6/6/25, 11:56:02 AM,,,,,,,,,,,,,0,0,ON,
May_23_2025_131113_2537,,N,6/6/25, 12:03:50 PM,,,,,,,,,,,,,0,0,ON,
May_23_2025_131113_2538,,N,6/6/25, 12:11:40 PM,,,,,,,,,,,,,0,0,ON,
May_23_2025_131113_2539,,N,6/6/25, 12:19:28 PM,,,,,,,,,,,,,0,0,ON,
May_23_2025_131113_2540,,N,6/6/25, 12:27:10 PM,,,,,,,,,,,,,0,0,ON,
May_23_2025_131113_2541,,N,6/6/25, 12:34:30 PM,,,,,,,,,,,,,0,0,ON,
May_23_2025_131113_2542,,N,6/6/25, 12:42:06 PM,,,,,,,,,,,,,0,0,ON,
May_23_2025_131113_2543,,N,6/6/25, 12:49:54 PM,,,,,,,,,,,,,0,0,ON,
May_23_2025_131113_2544,,N,6/6/25, 12:57:52 PM,,,,,,,,,,,,,0,0,ON,
May_23_2025_131113_2545,,N,6/6/25, 1:05:42 PM,,,,,,,,,,,,,0,0,ON,
May_23_2025_131113_2546,,N,6/6/25, 1:13:36 PM,,,,,,,,,,,,,0,0,ON,
May_23_2025_131113_2547,,N,6/6/25, 1:21:46 PM,,,,,,,,,,,,,0,0,ON,
May_23_2025_131113_2548,,N,6/6/25, 1:29:56 PM,,,,,,,,,,,,,0,0,ON,
May_23_2025_131113_2549,,N,6/6/25, 1:38:00 PM,,,,,,,,,,,,,0,0,ON,
May_23_2025_131113_2550,,N,6/6/25, 1:45:42 PM,,,,,,,,,,,,,0,0,ON,
May_23_2025_131113_2551,,N,6/6/25, 1:53:16 PM,,,,,,,,,,,,,0,0,ON,
May_23_2025_131113_2552,,N,6/6/25, 2:01:02 PM,,,,,,,,,,,,,0,0,ON,
May_23_2025_131113_2553,,N,6/6/25, 2:08:56 PM,,,,,,,,,,,,,0,0,ON,
May_23_2025_131113_2554,,N,6/6/25, 2:16:56 PM,,,,,,,,,,,,,0,0,ON,
May_23_2025_131113_2555,,N,6/6/25, 2:25:16 PM,,,,,,,,,,,,,0,0,ON,
May_23_2025_131113_2556,,N,6/6/25, 2:33:40 PM,,,,,,,,,,,,,0,0,ON,
May_23_2025_131113_2557,,N,6/6/25, 2:41:44 PM,,,,,,,,,,,,,0,0,ON,
May_23_2025_131113_2558,,N,6/6/25, 2:49:42 PM,,,,,,,,,,,,,0,0,ON,
May_23_2025_131113_2559,,N,6/6/25, 2:57:36 PM,,,,,,,,,,,,,0,0,ON,
May_23_2025_131113_2560,,N,6/6/25, 3:05:32 PM,,,,,,,,,,,,,0,0,ON,
May_23_2025_131113_2561,,N,6/6/25, 3:13:24 PM,,,,,,,,,,,,,0,0,ON,
May_23_2025_131113_2562,,N,6/6/25, 3:21:28 PM,,,,,,,,,,,,,0,0,ON,
May_23_2025_131113_2563,,N,6/6/25, 3:29:32 PM,,,,,,,,,,,,,0,0,ON,
May_23_2025_131113_2564,,N,6/6/25, 3:37:42 PM,,,,,,,,,,,,,0,0,ON,
May_23_2025_131113_2565,,N,6/6/25, 3:46:04 PM,,,,,,,,,,,,,0,0,ON,
May_23_2025_131113_2566,,N,6/6/25, 3:54:36 PM,,,,,,,,,,,,,0,0,ON,
May_23_2025_131113_2567,,N,6/6/25, 4:03:14 PM,,,,,,,,,,,,,0,0,ON,
May_23_2025_131113_2568,,N,6/6/25, 4:11:50 PM,,,,,,,,,,,,,0,0,ON,
May_23_2025_131113_2569,,N,6/6/25, 4:20:16 PM,,,,,,,,,,,,,0,0,ON,
May_23_2025_131113_2570,,N,6/6/25, 4:28:38 PM,,,,,,,,,,,,,0,0,ON,
May_23_2025_131113_2571,,N,6/6/25, 4:37:04 PM,,,,,,,,,,,,,0,0,ON,
May_23_2025_131113_2572,,N,6/6/25, 4:45:28 PM,,,,,,,,,,,,,0,0,ON,
May_23_2025_131113_2573,,N,6/6/25, 4:53:44 PM,,,,,,,,,,,,,0,0,ON,
May_23_2025_131113_2574,,N,6/6/25, 5:02:16 PM,,,,,,,,,,,,,0,0,ON,
May_23_2025_131113_2575,,N,6/6/25, 5:10:58 PM,,,,,,,,,,,,,0,0,ON,
May_23_2025_131113_2576,,N,6/6/25, 5:19:44 PM,,,,,,,,,,,,,0,0,ON,
May_23_2025_131113_2577,,N,6/6/25, 5:28:26 PM,,,,,,,,,,,,,0,0,ON,
May_23_2025_131113_2578,,N,6/6/25, 5:36:50 PM,,,,,,,,,,,,,0,0,ON,
May_23_2025_131113_2579,,N,6/6/25, 5:45:08 PM,,,,,,,,,,,,,0,0,ON,
May_23_2025_131113_2580,,N,6/6/25, 5:53:32 PM,,,,,,,,,,,,,0,0,ON,
May_23_2025_131113_2581,,N,6/6/25, 6:01:54 PM,,,,,,,,,,,,,0,0,ON,"There is something large but it floats really slowly, doesn't change orientation and doesn't move"
May_23_2025_131113_2582,,N,6/6/25, 6:10:16 PM,,,,,,,,,,,,,0,0,ON,
May_23_2025_131113_2583,,N,6/6/25, 6:18:38 PM,,,,,,,,,,,,,0,0,ON,
May_23_2025_131113_2584,,N,6/6/25, 6:27:00 PM,,,,,,,,,,,,,0,0,ON,
May_23_2025_131113_2585,,N,6/6/25, 6:35:20 PM,,,,,,,,,,,,,0,0,ON,
May_23_2025_131113_2586,,N,6/6/25, 6:43:44 PM,,,,,,,,,,,,,0,0,ON,
May_23_2025_131113_2587,,N,6/6/25, 6:52:12 PM,,,,,,,,,,,,,0,0,ON,
May_23_2025_131113_2588,,N,6/6/25, 7:00:48 PM,,,,,,,,,,,,,0,0,ON,
May_23_2025_131113_2589,,N,6/6/25, 7:09:24 PM,,,,,,,,,,,,,0,0,ON,
May_23_2025_131113_2590,,N,6/6/25, 7:18:00 PM,,,,,,,,,,,,,0,0,ON,
May_23_2025_131113_2591,,N,6/6/25, 7:26:26 PM,,,,,,,,,,,,,0,0,ON,
May_23_2025_131113_2592,,N,6/6/25, 7:34:54 PM,,,,,,,,,,,,,0,0,ON,
May_23_2025_131113_2593,,N,6/6/25, 7:43:18 PM,,,,,,,,,,,,,0,0,ON,
May_23_2025_131113_2594,,N,6/6/25, 7:51:46 PM,,,,,,,,,,,,,0,0,ON,
May_23_2025_131113_2595,,N,6/6/25, 8:00:22 PM,,,,,,,,,,,,,0,0,ON,
May_23_2025_131113_2596,,N,6/6/25, 8:08:52 PM,,,,,,,,,,,,,0,0,ON,
May_23_2025_131113_2597,,N,6/6/25, 8:17:28 PM,,,,,,,,,,,,,0,0,ON,
May_23_2025_131113_2598,,N,6/6/25, 8:26:08 PM,,,,,,,,,,,,,0,0,ON,
May_23_2025_131113_2599,,N,6/6/25, 8:34:50 PM,,,,,,,,,,,,,0,0,ON,
May_23_2025_131113_2600,,N,6/6/25, 8:43:28 PM,,,,,,,,,,,,,0,0,ON,
May_23_2025_131113_2601,,N,6/6/25, 8:51:58 PM,,,,,,,,,,,,,0,0,ON,
May_23_2025_131113_2602,,N,6/6/25, 9:00:12 PM,,,,,,,,,,,,,0,0,ON,
May_23_2025_131113_2603,,N,6/6/25, 9:08:28 PM,,,,,,,,,,,,,0,0,ON,
May_23_2025_131113_2604,,N,6/6/25, 9:16:54 PM,,,,,,,,,,,,,0,0,ON,
May_23_2025_131113_2605,,N,6/6/25, 9:25:26 PM,,,,,,,,,,,,,0,0,ON,
May_23_2025_131113_2606,,N,6/6/25, 9:33:58 PM,,,,,,,,,,,,,0,0,ON,
May_23_2025_131113_2607,,N,6/6/25, 9:42:32 PM,,,,,,,,,,,,,0,0,ON,
May_23_2025_131113_2608,,N,6/6/25, 9:51:02 PM,,,,,,,,,,,,,0,0,ON,
May_23_2025_131113_2609,,N,6/6/25, 9:59:32 PM,,,,,,,,,,,,,0,0,ON,
May_23_2025_131113_2610,,N,6/6/25, 10:08:00 PM,,,,,,,,,,,,,0,0,ON,
May_23_2025_131113_2611,,N,6/6/25, 10:16:24 PM,,,,,,,,,,,,,0,0,ON,
May_23_2025_131113_2612,,N,6/6/25, 10:24:40 PM,,,,,,,,,,,,,0,0,ON,
May_23_2025_131113_2613,,N,6/6/25, 10:32:54 PM,,,,,,,,,,,,,0,0,ON,
May_23_2025_131113_2614,,N,6/6/25, 10:41:04 PM,,,,,,,,,,,,,0,0,ON,
May_23_2025_131113_2615,,N,6/6/25, 10:49:18 PM,,,,,,,,,,,,,0,0,ON,
May_23_2025_131113_2616,,N,6/6/25, 10:57:08 PM,,,,,,,,,,,,,0,0,ON,
May_23_2025_131113_2617,,N,6/6/25, 11:04:54 PM,,,,,,,,,,,,,0,0,ON,
May_23_2025_131113_2618,,N,6/6/25, 11:12:26 PM,,,,,,,,,,,,,0,0,ON,
May_23_2025_131113_2619,,N,6/6/25, 11:19:56 PM,,,,,,,,,,,,,0,0,ON,
May_23_2025_131113_2620,,N,6/6/25, 11:27:20 PM,,,,,,,,,,,,,0,0,ON,
May_23_2025_131113_2621,,N,6/6/25, 11:34:44 PM,,,,,,,,,,,,,0,0,ON,
May_23_2025_131113_2622,,N,6/6/25, 11:42:24 PM,,,,,,,,,,,,,0,0,ON,
May_23_2025_131113_2623,,N,6/6/25, 11:49:46 PM,,,,,,,,,,,,,0,0,ON,
May_23_2025_131113_2624,,N,6/6/25, 11:57:16 PM,,,,,,,,,,,,,0,0,ON,
May_23_2025_131113_2625,,N,6/7/25, 12:04:46 AM,,,,,,,,,,,,,0,0,ON,
May_23_2025_131113_2626,,N,6/7/25, 12:12:18 AM,,,,,,,,,,,,,0,0,ON,
May_23_2025_131113_2627,,N,6/7/25, 12:20:02 AM,,,,,,,,,,,,,0,0,ON,
May_23_2025_131113_2628,,N,6/7/25, 12:27:44 AM,,,,,,,,,,,,,0,0,ON,
May_23_2025_131113_2629,,N,6/7/25, 12:35:30 AM,,,,,,,,,,,,,0,0,ON,
May_23_2025_131113_2630,,N,6/7/25, 12:43:26 AM,,,,,,,,,,,,,0,0,ON,
May_23_2025_131113_2631,,N,6/7/25, 12:51:24 AM,,,,,,,,,,,,,0,0,ON,
May_23_2025_131113_2632,,N,6/7/25, 12:59:30 AM,,,,,,,,,,,,,0,0,ON,
May_23_2025_131113_2633,,N,6/7/25, 1:07:42 AM,,,,,,,,,,,,,0,0,ON,
May_23_2025_131113_2634,,N,6/7/25, 1:15:54 AM,,,,,,,,,,,,,0,0,ON,
May_23_2025_131113_2635,,N,6/7/25, 1:24:14 AM,,,,,,,,,,,,,0,0,ON,
May_23_2025_131113_2636,,N,6/7/25, 1:32:36 AM,,,,,,,,,,,,,0,0,ON,
May_23_2025_131113_2637,,N,6/7/25, 1:40:44 AM,,,,,,,,,,,,,0,0,ON,
May_23_2025_131113_2638,,N,6/7/25, 1:49:10 AM,,,,,,,,,,,,,0,0,ON,
May_23_2025_131113_2639,,N,6/7/25, 1:57:42 AM,,,,,,,,,,,,,0,0,ON,
May_23_2025_131113_2640,,N,6/7/25, 2:06:16 AM,,,,,,,,,,,,,0,0,ON,
May_23_2025_131113_2641,,N,6/7/25, 2:14:56 AM,,,,,,,,,,,,,0,0,ON,
May_23_2025_131113_2642,,N,6/7/25, 2:23:36 AM,,,,,,,,,,,,,0,0,ON,
May_23_2025_131113_2643,,N,6/7/25, 2:32:14 AM,,,,,,,,,,,,,0,0,ON,
May_23_2025_131113_2644,,N,6/7/25, 2:40:40 AM,,,,,,,,,,,,,0,0,ON,
May_23_2025_131113_2645,,N,6/7/25, 2:49:06 AM,,,,,,,,,,,,,0,0,ON,
May_23_2025_131113_2646,,N,6/7/25, 2:57:34 AM,,,,,,,,,,,,,0,0,ON,
May_23_2025_131113_2647,,N,6/7/25, 3:05:58 AM,,,,,,,,,,,,,0,0,ON,
May_23_2025_131113_2648,,N,6/7/25, 3:14:04 AM,,,,,,,,,,,,,0,0,ON,
May_23_2025_131113_2649,,N,6/7/25, 3:22:16 AM,,,,,,,,,,,,,0,0,ON,
May_23_2025_131113_2650,,N,6/7/25, 3:30:40 AM,,,,,,,,,,,,,0,0,ON,
May_23_2025_131113_2651,,N,6/7/25, 3:39:08 AM,,,,,,,,,,,,,0,0,ON,
May_23_2025_131113_2652,,N,6/7/25, 3:47:36 AM,,,,,,,,,,,,,0,0,ON,
May_23_2025_131113_2653,,N,6/7/25, 3:56:12 AM,,,,,,,,,,,,,0,0,ON,
May_23_2025_131113_2654,,N,6/7/25, 4:04:30 AM,,,,,,,,,,,,,0,0,ON,
May_23_2025_131113_2655,,N,6/7/25, 4:12:22 AM,,,,,,,,,,,,,0,0,ON,
May_23_2025_131113_2656,,N,6/7/25, 4:20:08 AM,,,,,,,,,,,,,0,0,ON,
May_23_2025_131113_2657,,N,6/7/25, 4:28:00 AM,,,,,,,,,,,,,0,0,ON,
May_23_2025_131113_2658,,N,6/7/25, 4:36:04 AM,,,,,,,,,,,,,0,0,ON,
May_23_2025_131113_2659,,N,6/7/25, 4:44:00 AM,,,,,,,,,,,,,0,0,ON,
May_23_2025_131113_2660,,N,6/7/25, 4:52:14 AM,,,,,,,,,,,,,0,0,ON,
May_23_2025_131113_2661,,N,6/7/25, 5:00:42 AM,,,,,,,,,,,,,0,0,ON,
May_23_2025_131113_2662,,N,6/7/25, 5:09:10 AM,,,,,,,,,,,,,0,0,ON,
May_23_2025_131113_2663,,N,6/7/25, 5:17:30 AM,,,,,,,,,,,,,0,0,ON,
May_23_2025_131113_2664,,N,6/7/25, 5:25:50 AM,,,,,,,,,,,,,0,0,ON,
May_23_2025_131113_2665,,N,6/7/25, 5:34:00 AM,,,,,,,,,,,,,0,0,ON,
May_23_2025_131113_2666,,N,6/7/25, 5:42:14 AM,,,,,,,,,,,,,0,0,ON,
May_23_2025_131113_2667,,N,6/7/25, 5:50:36 AM,,,,,,,,,,,,,0,0,ON,
May_23_2025_131113_2668,,N,6/7/25, 5:59:08 AM,,,,,,,,,,,,,0,0,ON,
May_23_2025_131113_2669,,N,6/7/25, 6:07:42 AM,,,,,,,,,,,,,0,0,ON,
May_23_2025_131113_2670,,N,6/7/25, 6:16:14 AM,,,,,,,,,,,,,0,0,ON,
May_23_2025_131113_2671,,N,6/7/25, 6:24:48 AM,,,,,,,,,,,,,0,0,ON,
May_23_2025_131113_2672,,N,6/7/25, 6:33:12 AM,,,,,,,,,,,,,0,0,ON,
May_23_2025_131113_2673,,N,6/7/25, 6:41:40 AM,,,,,,,,,,,,,0,0,ON,
May_23_2025_131113_2674,,N,6/7/25, 6:50:00 AM,,,,,,,,,,,,,0,0,ON,
May_23_2025_131113_2675,,N,6/7/25, 6:58:18 AM,,,,,,,,,,,,,0,0,ON,
May_23_2025_131113_2676,,N,6/7/25, 7:06:26 AM,,,,,,,,,,,,,0,0,ON,
May_23_2025_131113_2677,,N,6/7/25, 7:14:18 AM,,,,,,,,,,,,,0,0,ON,
May_23_2025_131113_2678,,N,6/7/25, 7:22:12 AM,,,,,,,,,,,,,0,0,ON,
May_23_2025_131113_2679,,N,6/7/25, 7:30:02 AM,,,,,,,,,,,,,0,0,ON,
May_23_2025_131113_2680,,N,6/7/25, 7:38:06 AM,,,,,,,,,,,,,0,0,ON,
May_23_2025_131113_2681,,N,6/7/25, 7:46:04 AM,,,,,,,,,,,,,0,0,ON,
May_23_2025_131113_2682,,N,6/7/25, 7:53:52 AM,,,,,,,,,,,,,0,0,ON,
May_23_2025_131113_2683,,N,6/7/25, 8:01:46 AM,,,,,,,,,,,,,0,0,ON,
May_23_2025_131113_2684,,N,6/7/25, 8:09:52 AM,,,,,,,,,,,,,0,0,ON,
May_23_2025_131113_2685,,N,6/7/25, 8:18:14 AM,,,,,,,,,,,,,0,0,ON,
May_23_2025_131113_2686,,N,6/7/25, 8:26:38 AM,,,,,,,,,,,,,0,0,ON,
May_23_2025_131113_2687,,N,6/7/25, 8:35:06 AM,,,,,,,,,,,,,0,0,ON,
May_23_2025_131113_2688,,N,6/7/25, 8:43:38 AM,,,,,,,,,,,,,0,0,ON,
May_23_2025_131113_2689,,N,6/7/25, 8:52:08 AM,,,,,,,,,,,,,0,0,ON,
May_23_2025_131113_2690,,N,6/7/25, 9:00:32 AM,,,,,,,,,,,,,0,0,ON,
May_23_2025_131113_2691,,N,6/7/25, 9:09:06 AM,,,,,,,,,,,,,0,0,ON,Lots of birds
May_23_2025_131113_2692,,N,6/7/25, 9:17:44 AM,,,,,,,,,,,,,0,0,ON,
May_23_2025_131113_2693,,N,6/7/25, 9:26:20 AM,,,,,,,,,,,,,0,0,ON,
May_23_2025_131113_2694,,N,6/7/25, 9:35:00 AM,,,,,,,,,,,,,0,0,ON,
May_23_2025_131113_2695,,N,6/7/25, 9:43:34 AM,,,,,,,,,,,,,0,0,ON,
May_23_2025_131113_2696,,N,6/7/25, 9:51:48 AM,,,,,,,,,,,,,0,0,ON,
May_23_2025_131113_2697,,N,6/7/25, 10:00:02 AM,,,,,,,,,,,,,0,0,ON,
May_23_2025_131113_2698,,N,6/7/25, 10:07:56 AM,,,,,,,,,,,,,0,0,ON,
May_23_2025_131113_2699,,N,6/7/25, 10:15:42 AM,,,,,,,,,,,,,0,0,ON,
May_23_2025_131113_2700,,N,6/7/25, 10:23:00 AM,,,,,,,,,,,,,0,0,ON,
May_23_2025_131113_2701,,N,6/7/25, 10:31:08 AM,,,,,,,,,,,,,0,0,ON,
May_23_2025_131113_2702,,N,6/7/25, 10:39:00 AM,,,,,,,,,,,,,0,0,ON,
May_23_2025_131113_2703,,N,6/7/25, 10:46:26 AM,,,,,,,,,,,,,0,0,ON,
May_23_2025_131113_2704,,N,6/7/25, 10:53:50 AM,,,,,,,,,,,,,0,0,ON,
May_23_2025_131113_2705,,N,6/7/25, 11:01:00 AM,,,,,,,,,,,,,0,0,ON,
May_23_2025_131113_2706,,N,6/7/25, 11:08:02 AM,,,,,,,,,,,,,0,0,ON,
May_23_2025_131113_2707,,N,6/7/25, 11:15:14 AM,,,,,,,,,,,,,0,0,ON,
May_23_2025_131113_2708,,N,6/7/25, 11:22:26 AM,,,,,,,,,,,,,0,0,ON,
May_23_2025_131113_2709,,N,6/7/25, 11:29:38 AM,,,,,,,,,,,,,0,0,ON,
May_23_2025_131113_2710,,N,6/7/25, 11:36:50 AM,,,,,,,,,,,,,0,0,ON,
May_23_2025_131113_2711,,N,6/7/25, 11:43:54 AM,,,,,,,,,,,,,0,0,ON,
May_23_2025_131113_2712,,N,6/7/25, 11:50:52 AM,,,,,,,,,,,,,0,0,ON,
May_23_2025_131113_2713,,N,6/7/25, 11:57:48 AM,,,,,,,,,,,,,0,0,ON,
May_23_2025_131113_2714,,N,6/7/25, 12:04:54 PM,,,,,,,,,,,,,0,0,ON,
May_23_2025_131113_2715,,N,6/7/25, 12:12:14 PM,,,,,,,,,,,,,0,0,ON,
May_23_2025_131113_2716,,N,6/7/25, 12:19:12 PM,,,,,,,,,,,,,0,0,ON,
May_23_2025_131113_2717,,N,6/7/25, 12:26:22 PM,,,,,,,,,,,,,0,0,ON,
May_23_2025_131113_2718,,N,6/7/25, 12:33:42 PM,,,,,,,,,,,,,0,0,ON,
May_23_2025_131113_2719,,N,6/7/25, 12:40:48 PM,,,,,,,,,,,,,0,0,ON,
May_23_2025_131113_2720,,N,6/7/25, 12:48:00 PM,,,,,,,,,,,,,0,0,ON,
May_23_2025_131113_2721,,N,6/7/25, 12:55:16 PM,,,,,,,,,,,,,0,0,ON,
May_23_2025_131113_2722,,N,6/7/25, 1:02:40 PM,,,,,,,,,,,,,0,0,ON,
May_23_2025_131113_2723,,N,6/7/25, 1:10:10 PM,,,,,,,,,,,,,0,0,ON,
May_23_2025_131113_2724,,N,6/7/25, 1:17:54 PM,,,,,,,,,,,,,0,0,ON,
May_23_2025_131113_2725,,N,6/7/25, 1:25:42 PM,,,,,,,,,,,,,0,0,ON,
May_23_2025_131113_2726,,N,6/7/25, 1:33:32 PM,,,,,,,,,,,,,0,0,ON,
May_23_2025_131113_2727,,N,6/7/25, 1:41:22 PM,,,,,,,,,,,,,0,0,ON,
May_23_2025_131113_2728,,N,6/7/25, 1:49:04 PM,,,,,,,,,,,,,0,0,ON,
May_23_2025_131113_2729,,N,6/7/25, 1:56:56 PM,,,,,,,,,,,,,0,0,ON,
May_23_2025_131113_2730,N,Y,6/7/25, 2:04:46 PM,21:10:25,21:10:29,,,,,,,,,,,0:00:04,4,ON,
May_23_2025_131113_2731,,N,6/7/25, 2:12:46 PM,,,,,,,,,,,,,0,0,ON,
May_23_2025_131113_2732,,N,6/7/25, 2:20:48 PM,,,,,,,,,,,,,0,0,ON,
May_23_2025_131113_2733,,N,6/7/25, 2:28:12 PM,,,,,,,,,,,,,0,0,ON,
May_23_2025_131113_2734,,N,6/7/25, 2:35:26 PM,,,,,,,,,,,,,0,0,ON,
May_23_2025_131113_2735,,N,6/7/25, 2:42:48 PM,,,,,,,,,,,,,0,0,ON,
May_23_2025_131113_2736,,N,6/7/25, 2:50:18 PM,,,,,,,,,,,,,0,0,ON,
May_23_2025_131113_2737,,N,6/7/25, 2:57:52 PM,,,,,,,,,,,,,0,0,ON,
May_23_2025_131113_2738,,N,6/7/25, 3:05:16 PM,,,,,,,,,,,,,0,0,ON,
May_23_2025_131113_2739,,N,6/7/25, 3:12:38 PM,,,,,,,,,,,,,0,0,ON,
May_23_2025_131113_2740,,N,6/7/25, 3:20:02 PM,,,,,,,,,,,,,0,0,ON,
May_23_2025_131113_2741,,N,6/7/25, 3:27:22 PM,,,,,,,,,,,,,0,0,ON,
May_23_2025_131113_2742,,N,6/7/25, 3:34:48 PM,,,,,,,,,,,,,0,0,ON,
May_23_2025_131113_2743,,N,6/7/25, 3:42:26 PM,,,,,,,,,,,,,0,0,ON,
May_23_2025_131113_2744,,N,6/7/25, 3:49:44 PM,,,,,,,,,,,,,0,0,ON,
May_23_2025_131113_2745,,N,6/7/25, 3:57:06 PM,,,,,,,,,,,,,0,0,ON,
May_23_2025_131113_2746,,N,6/7/25, 4:04:44 PM,,,,,,,,,,,,,0,0,ON,
May_23_2025_131113_2747,,N,6/7/25, 4:12:30 PM,,,,,,,,,,,,,0,0,ON,
May_23_2025_131113_2748,,N,6/7/25, 4:20:30 PM,,,,,,,,,,,,,0,0,ON,
May_23_2025_131113_2749,,N,6/7/25, 4:28:40 PM,,,,,,,,,,,,,0,0,ON,
May_23_2025_131113_2750,,N,6/7/25, 4:37:06 PM,,,,,,,,,,,,,0,0,ON,
May_23_2025_131113_2751,,N,6/7/25, 4:45:26 PM,,,,,,,,,,,,,0,0,ON,
May_23_2025_131113_2752,,N,6/7/25, 4:53:50 PM,,,,,,,,,,,,,0,0,ON,
May_23_2025_131113_2753,,N,6/7/25, 5:02:26 PM,,,,,,,,,,,,,0,0,ON,
May_23_2025_131113_2754,,N,6/7/25, 5:11:04 PM,,,,,,,,,,,,,0,0,ON,
May_23_2025_131113_2755,,N,6/7/25, 5:19:42 PM,,,,,,,,,,,,,0,0,ON,
May_23_2025_131113_2756,,N,6/7/25, 5:28:18 PM,,,,,,,,,,,,,0,0,ON,
May_23_2025_131113_2757,,N,6/7/25, 5:36:54 PM,,,,,,,,,,,,,0,0,ON,
May_23_2025_131113_2758,,N,6/7/25, 5:45:38 PM,,,,,,,,,,,,,0,0,ON,
May_23_2025_131113_2759,,N,6/7/25, 5:54:06 PM,,,,,,,,,,,,,0,0,ON,
May_23_2025_131113_2760,,N,6/7/25, 6:02:30 PM,,,,,,,,,,,,,0,0,ON,
May_23_2025_131113_2761,,N,6/7/25, 6:10:52 PM,,,,,,,,,,,,,0,0,ON,
May_23_2025_131113_2762,,N,6/7/25, 6:19:16 PM,,,,,,,,,,,,,0,0,ON,
May_23_2025_131113_2763,,N,6/7/25, 6:27:42 PM,,,,,,,,,,,,,0,0,ON,
May_23_2025_131113_2764,,N,6/7/25, 6:36:08 PM,,,,,,,,,,,,,0,0,ON,
May_23_2025_131113_2765,,N,6/7/25, 6:44:42 PM,,,,,,,,,,,,,0,0,ON,
May_23_2025_131113_2766,,N,6/7/25, 6:53:22 PM,,,,,,,,,,,,,0,0,ON,
May_23_2025_131113_2767,,N,6/7/25, 7:02:06 PM,,,,,,,,,,,,,0,0,ON,
May_23_2025_131113_2768,,N,6/7/25, 7:10:40 PM,,,,,,,,,,,,,0,0,ON,
May_23_2025_131113_2769,,N,6/7/25, 7:19:24 PM,,,,,,,,,,,,,0,0,ON,
May_23_2025_131113_2770,,N,6/7/25, 7:28:18 PM,,,,,,,,,,,,,0,0,ON,Something in the file but it does not make me think it is a seal
May_23_2025_131113_2771,,N,6/7/25, 7:37:16 PM,,,,,,,,,,,,,0,0,ON,
May_23_2025_131113_2772,,N,6/7/25, 7:46:12 PM,,,,,,,,,,,,,0,0,ON,
May_23_2025_131113_2773,,N,6/7/25, 7:55:02 PM,,,,,,,,,,,,,0,0,ON,
May_23_2025_131113_2774,N,Y,6/7/25, 8:03:58 PM,2:57:38,2:57:52,,,,,,,,,,,0:00:14,14,ON,
May_23_2025_131113_2775,,N,6/7/25, 8:12:58 PM,,,,,,,,,,,,,0,0,ON,
May_23_2025_131113_2776,,N,6/7/25, 8:21:48 PM,,,,,,,,,,,,,0,0,ON,
May_23_2025_131113_2777,,N,6/7/25, 8:30:24 PM,,,,,,,,,,,,,0,0,ON,
May_23_2025_131113_2778,Y,Y,6/7/25, 8:38:34 PM,3:32:35,3:32:46,3:33:43,3:33:50,,,,,,,,,0:00:18,18,ON,
May_23_2025_131113_2779,,N,6/7/25, 8:46:38 PM,,,,,,,,,,,,,0,0,ON,
May_23_2025_131113_2780,,N,6/7/25, 8:54:56 PM,,,,,,,,,,,,,0,0,ON,
May_23_2025_131113_2781,,N,6/7/25, 9:03:30 PM,,,,,,,,,,,,,0,0,ON,
May_23_2025_131113_2782,,N,6/7/25, 9:12:10 PM,,,,,,,,,,,,,0,0,ON,
May_23_2025_131113_2783,,N,6/7/25, 9:20:56 PM,,,,,,,,,,,,,0,0,ON,
May_23_2025_131113_2784,,N,6/7/25, 9:29:38 PM,,,,,,,,,,,,,0,0,ON,
May_23_2025_131113_2785,,N,6/7/25, 9:38:22 PM,,,,,,,,,,,,,0,0,ON,
May_23_2025_131113_2786,,N,6/7/25, 9:47:02 PM,,,,,,,,,,,,,0,0,ON,
May_23_2025_131113_2787,,N,6/7/25, 9:55:40 PM,,,,,,,,,,,,,0,0,ON,
May_23_2025_131113_2788,,N,6/7/25, 10:04:22 PM,,,,,,,,,,,,,0,0,ON,
May_23_2025_131113_2789,,N,6/7/25, 10:13:00 PM,,,,,,,,,,,,,0,0,ON,
May_23_2025_131113_2790,,N,6/7/25, 10:21:34 PM,,,,,,,,,,,,,0,0,ON,
May_23_2025_131113_2791,,N,6/7/25, 10:30:02 PM,,,,,,,,,,,,,0,0,ON,
May_23_2025_131113_2792,,N,6/7/25, 10:38:18 PM,,,,,,,,,,,,,0,0,ON,
May_23_2025_131113_2793,,N,6/7/25, 10:46:28 PM,,,,,,,,,,,,,0,0,ON,
May_23_2025_131113_2794,,N,6/7/25, 10:54:36 PM,,,,,,,,,,,,,0,0,ON,
May_23_2025_131113_2795,,N,6/7/25, 11:02:42 PM,,,,,,,,,,,,,0,0,ON,
May_23_2025_131113_2796,,N,6/7/25, 11:10:50 PM,,,,,,,,,,,,,0,0,ON,
May_23_2025_131113_2797,,N,6/7/25, 11:18:52 PM,,,,,,,,,,,,,0,0,ON,
May_23_2025_131113_2798,,N,6/7/25, 11:26:46 PM,,,,,,,,,,,,,0,0,ON,
May_23_2025_131113_2799,,N,6/7/25, 11:34:32 PM,,,,,,,,,,,,,0,0,ON,
May_23_2025_131113_2800,,N,6/7/25, 11:42:04 PM,,,,,,,,,,,,,0,0,ON,
May_23_2025_131113_2801,,N,6/7/25, 11:49:36 PM,,,,,,,,,,,,,0,0,ON,
May_23_2025_131113_2802,,N,6/7/25, 11:57:10 PM,,,,,,,,,,,,,0,0,ON,
May_23_2025_131113_2803,,N,6/8/25, 12:04:44 AM,,,,,,,,,,,,,0,0,ON,
May_23_2025_131113_2804,,N,6/8/25, 12:12:18 AM,,,,,,,,,,,,,0,0,ON,